date,region,day_of_week,reduced_bid_policy,ad_spend,impressions,clicks,platform_attributed_leads,total_qualified_leads,organic_plus_direct_leads,estimated_cost_per_qualified_lead
2026-01-05,Recruiting_Region_01,Monday,0,1281.5640036707807,89550.06248124488,1989.8713222057406,52,14,0,91.54028597648434
2026-01-06,Recruiting_Region_01,Tuesday,1,702.7839053931393,52999.76262528444,1233.891322018075,27,24,0,29.28266272471414
2026-01-07,Recruiting_Region_01,Wednesday,1,626.3704960651038,47205.297021803824,1239.8082398220417,26,21,0,29.827166479290657
2026-01-08,Recruiting_Region_01,Thursday,0,1371.1583565699761,87287.11660249524,2101.2409486068127,44,33,0,41.55025322939321
2026-01-09,Recruiting_Region_01,Friday,1,551.7777755862423,41927.245309962505,1159.7920784536318,28,36,8,15.327160432951176
2026-01-10,Recruiting_Region_01,Saturday,0,1236.7937443729763,83701.28856605857,1891.238017301975,52,23,0,53.773641059694626
2026-01-11,Recruiting_Region_01,Sunday,1,711.8383426880021,45934.26842157935,1101.4466449713254,23,27,4,26.364383062518595
2026-01-12,Recruiting_Region_01,Monday,1,841.4224551419226,47885.63722681008,1156.379492000982,20,35,15,24.0406415754835
2026-01-13,Recruiting_Region_01,Tuesday,0,1359.390174593118,92879.36103603813,1860.20168737838,42,38,0,35.77342564718732
2026-01-14,Recruiting_Region_01,Wednesday,1,549.5268624886832,43616.40823127024,1330.1909662103499,16,36,20,15.264635069130087
2026-01-15,Recruiting_Region_01,Thursday,0,1231.4813025708877,73104.94059030834,2049.543374545049,42,35,0,35.185180073453935
2026-01-16,Recruiting_Region_01,Friday,1,790.5215823912617,50065.86029886111,1268.811637226795,24,38,14,20.80319953661215
2026-01-17,Recruiting_Region_01,Saturday,0,1352.1526668343001,94554.8096590199,2031.6765722318257,39,30,0,45.07175556114334
2026-01-18,Recruiting_Region_01,Sunday,1,611.221725940119,53813.78379846161,1172.0536328905112,32,27,0,22.637841701485886
2026-01-19,Recruiting_Region_01,Monday,0,1263.2825929081225,87284.59224248199,1955.5930319960491,53,33,0,38.28129069418553
2026-01-20,Recruiting_Region_01,Tuesday,0,1346.328761603481,82571.095364745,2158.558416748136,37,27,0,49.864028207536336
2026-01-21,Recruiting_Region_01,Wednesday,0,1489.2356674483278,83843.83946127623,1964.9265326926723,45,25,0,59.56942669793311
2026-01-22,Recruiting_Region_01,Thursday,1,750.3695059618949,47031.76500218397,1288.7683233682153,17,24,7,31.26539608174562
2026-01-23,Recruiting_Region_01,Friday,0,1386.661609335216,73555.24857865991,2008.4074921894353,48,24,0,57.777567055634
2026-01-24,Recruiting_Region_01,Saturday,1,776.2642019902569,41906.93323034411,1293.4162600790987,22,23,1,33.75061747783725
2026-01-25,Recruiting_Region_01,Sunday,1,816.3062806734963,48352.31194203726,1198.9616265246332,23,17,0,48.01801651020566
2026-01-26,Recruiting_Region_01,Monday,1,928.413494032158,59524.738539960905,1178.5125304691778,26,33,7,28.13374224339873
2026-01-27,Recruiting_Region_01,Tuesday,0,1440.043517958297,80821.2340267407,1929.701847231537,37,32,0,45.00135993619678
2026-01-28,Recruiting_Region_01,Wednesday,0,1535.5364102301712,81919.27828381714,1900.748983278564,45,30,0,51.18454700767237
2026-01-29,Recruiting_Region_01,Thursday,1,566.9483152454027,43169.7724964112,1528.2329247235953,20,33,13,17.180251977133416
2026-01-30,Recruiting_Region_01,Friday,1,853.479736684967,43774.37924655641,1257.5480460693502,31,30,0,28.449324556165564
2026-01-31,Recruiting_Region_01,Saturday,0,1194.8723221787664,83521.23954246988,1980.1105107391863,36,33,0,36.208252187235345
2026-02-01,Recruiting_Region_01,Sunday,0,1340.253210102419,86765.85538052616,2021.6510796254734,53,19,0,70.53964263696942
2026-02-02,Recruiting_Region_01,Monday,0,1592.8253909840691,96343.62083344882,2219.277021762132,47,41,0,38.84939978009925
2026-02-03,Recruiting_Region_01,Tuesday,1,583.5743706280109,55753.37941990048,1323.5915653109525,33,51,18,11.442634718196292
2026-02-04,Recruiting_Region_01,Wednesday,0,1297.731161322577,84262.00965996775,1981.9838252734555,44,49,5,26.48430941474647
2026-02-05,Recruiting_Region_01,Thursday,0,1342.2561040042972,86459.1620776096,1966.391988868583,43,47,4,28.558640510729727
2026-02-06,Recruiting_Region_01,Friday,0,1407.5510852752425,83024.30640715463,2006.7687194826003,48,56,8,25.134840808486473
2026-02-07,Recruiting_Region_01,Saturday,1,730.9666949647453,58793.73307183457,1346.5032766778033,29,51,22,14.332680293426378
2026-02-08,Recruiting_Region_01,Sunday,0,1419.4978977604258,78350.52520719878,2116.4464289546463,55,54,0,26.286998106674552
2026-02-09,Recruiting_Region_01,Monday,1,862.2148454428818,53221.353979174266,1085.0689328069031,24,70,46,12.317354934898312
2026-02-10,Recruiting_Region_01,Tuesday,1,592.9503106545977,49382.394688731154,1131.2813466222779,13,55,42,10.780914739174504
2026-02-11,Recruiting_Region_01,Wednesday,0,1383.3197638352365,72229.10283704099,2054.3085592142843,51,64,13,21.61437130992557
2026-02-12,Recruiting_Region_01,Thursday,1,633.0986350732805,52452.07795327517,1083.826894112812,12,61,49,10.378666148742305
2026-02-13,Recruiting_Region_01,Friday,0,1402.7949745207047,90707.78869227025,2045.0150270581823,50,60,10,23.379916242011745
2026-02-14,Recruiting_Region_01,Saturday,0,1310.9977833909406,86939.86138827476,2144.718036538689,46,56,10,23.410674703409654
2026-02-15,Recruiting_Region_01,Sunday,0,1247.3736723313343,85943.87918940211,2124.5109592034423,49,51,2,24.458307300614397
2026-02-16,Recruiting_Region_01,Monday,1,699.5021026790238,56404.62194464461,1081.1404257041643,17,55,38,12.718220048709524
2026-02-17,Recruiting_Region_01,Tuesday,1,739.0513055336488,50721.60116421876,1105.7746011358167,17,57,40,12.965812377783312
2026-02-18,Recruiting_Region_01,Wednesday,1,761.4661035771418,50462.75573554459,1358.3425777700152,20,58,38,13.128725923743824
2026-02-19,Recruiting_Region_01,Thursday,1,651.8480491051013,52068.51308443834,1254.875123092825,24,45,21,14.485512202335583
2026-02-20,Recruiting_Region_01,Friday,1,624.8183386516938,53323.979626414286,1252.3992374120899,27,58,31,10.772729976753341
2026-02-21,Recruiting_Region_01,Saturday,0,1252.3891831272379,92275.91752696222,2026.7173500367849,53,47,0,26.646578364409315
2026-02-22,Recruiting_Region_01,Sunday,1,655.2418750993648,53621.810784494024,1513.1342440934025,29,43,14,15.238183141845694
2026-02-23,Recruiting_Region_01,Monday,1,676.8002286511016,39132.111135750296,1410.1127749457276,17,56,39,12.085718368769673
2026-02-24,Recruiting_Region_01,Tuesday,0,1356.7103141907503,86821.76533093918,2186.426899659012,44,57,13,23.80193533667983
2026-02-25,Recruiting_Region_01,Wednesday,0,1431.3737062087655,86939.76925683413,1997.6930055139158,42,44,2,32.531220595653764
2026-02-26,Recruiting_Region_01,Thursday,1,704.4715668315578,55121.41404397684,1179.4982317820693,23,54,31,13.04576975613996
2026-02-27,Recruiting_Region_01,Friday,1,538.2445486020836,37800.68427995961,1144.1742313531754,20,61,41,8.82368112462432
2026-02-28,Recruiting_Region_01,Saturday,0,1286.8149915206338,83267.19402511002,2038.8332188643503,41,55,14,23.39663620946607
2026-03-01,Recruiting_Region_01,Sunday,0,1326.0896348983301,99118.40063060762,2043.7412509816363,57,59,2,22.47609550675136
2026-01-05,Recruiting_Region_02,Monday,0,1094.2929889319223,80728.11908943643,1744.320656158462,37,12,0,91.19108241099353
2026-01-06,Recruiting_Region_02,Tuesday,1,548.2800186493799,44668.55041210683,901.8769205997353,14,18,4,30.46000103607666
2026-01-07,Recruiting_Region_02,Wednesday,0,1061.6101329267838,63449.79358815995,1619.8176693464395,38,21,0,50.55286347270399
2026-01-08,Recruiting_Region_02,Thursday,1,610.2155012709682,36633.76545288247,1197.3160533000787,19,19,0,32.11660533005096
2026-01-09,Recruiting_Region_02,Friday,0,1329.6658453211312,72246.3504791587,1687.3066815902582,39,20,0,66.48329226605657
2026-01-10,Recruiting_Region_02,Saturday,0,1087.5256327835118,67836.98319717745,1718.039050358984,48,14,0,77.68040234167941
2026-01-11,Recruiting_Region_02,Sunday,1,661.1378222806636,41302.64799274847,1020.5465011767895,18,20,2,33.05689111403318
2026-01-12,Recruiting_Region_02,Monday,1,615.7870205591398,37232.392357886914,1130.1052410520697,20,31,11,19.864097437391607
2026-01-13,Recruiting_Region_02,Tuesday,1,481.04059068686695,40564.92962273285,966.0483071977104,17,27,10,17.816318173587664
2026-01-14,Recruiting_Region_02,Wednesday,1,550.621811932189,33096.03836858359,938.8866030932439,21,28,7,19.66506471186389
2026-01-15,Recruiting_Region_02,Thursday,1,531.2728024505662,38679.329626507264,1175.772709387791,26,22,0,24.148763747753012
2026-01-16,Recruiting_Region_02,Friday,1,492.6343535030057,43474.73229730501,920.3401233813242,7,25,18,19.705374140120227
2026-01-17,Recruiting_Region_02,Saturday,1,593.9438474393123,43659.73764580187,1024.8690285464822,25,15,0,39.59625649595416
2026-01-18,Recruiting_Region_02,Sunday,0,1289.3728960878097,86746.67215928603,1674.5424954653402,38,16,0,80.58580600548811
2026-01-19,Recruiting_Region_02,Monday,0,1030.5620175791043,75912.95470356813,1795.4134587609444,44,21,0,49.07438178948116
2026-01-20,Recruiting_Region_02,Tuesday,0,1194.7832744236932,63206.67458965781,1748.5982913608027,49,15,0,79.65221829491288
2026-01-21,Recruiting_Region_02,Wednesday,0,1031.4785152723891,75955.29383736287,1768.749534266613,38,18,0,57.30436195957717
2026-01-22,Recruiting_Region_02,Thursday,1,430.1571667409461,42084.11813794361,988.1105976601755,15,15,0,28.677144449396405
2026-01-23,Recruiting_Region_02,Friday,1,636.6899677869985,39305.76085463632,772.0088355465284,15,16,1,39.79312298668741
2026-01-24,Recruiting_Region_02,Saturday,1,670.2953685619356,44102.142107651925,1415.1638967321317,26,19,0,35.278703608522925
2026-01-25,Recruiting_Region_02,Sunday,0,1195.7169756802543,79609.85596705608,1659.4555205509064,42,17,0,70.33629268707378
2026-01-26,Recruiting_Region_02,Monday,0,1092.7440347124964,70389.11291708551,1768.0575390768272,38,31,0,35.24980757137085
2026-01-27,Recruiting_Region_02,Tuesday,1,516.5640666857362,29418.755615445767,980.1526022152576,17,17,0,30.386121569749186
2026-01-28,Recruiting_Region_02,Wednesday,1,492.966314986314,41867.463706895156,1241.8181707705776,25,17,0,28.998018528606707
2026-01-29,Recruiting_Region_02,Thursday,0,1197.8449271790798,72650.31106507337,1818.443774225397,48,22,0,54.44749668995817
2026-01-30,Recruiting_Region_02,Friday,0,987.8034765141545,76496.98811395816,1681.6036902854162,44,21,0,47.03826078638831
2026-01-31,Recruiting_Region_02,Saturday,0,994.1532060208639,67649.49298952354,1917.180752647396,39,11,0,90.3775641837149
2026-02-01,Recruiting_Region_02,Sunday,0,1178.8761846503373,73045.87724009246,1798.5635464260897,32,9,0,130.98624273892636
2026-02-02,Recruiting_Region_02,Monday,1,377.4031056546923,47690.31337065285,1259.8298621072538,24,30,6,12.580103521823077
2026-02-03,Recruiting_Region_02,Tuesday,1,555.5805322364325,37268.49526485282,1106.9142679003871,28,28,0,19.842161865586878
2026-02-04,Recruiting_Region_02,Wednesday,0,1217.5607173699213,76243.31367218598,1784.7584311202802,33,30,0,40.58535724566404
2026-02-05,Recruiting_Region_02,Thursday,0,1168.70906532188,62915.5072065195,1738.0982400371258,31,40,9,29.217726633047
2026-02-06,Recruiting_Region_02,Friday,1,720.0195754401567,43584.387476276876,1281.0068657070474,17,41,24,17.561453059516015
2026-02-07,Recruiting_Region_02,Saturday,1,596.6302816123932,35016.12704098001,1098.7699754470445,21,33,12,18.079705503405854
2026-02-08,Recruiting_Region_02,Sunday,0,1121.9839531890216,68621.82800835869,1564.6864799137443,31,42,11,26.713903647357657
2026-02-09,Recruiting_Region_02,Monday,1,685.4852500725663,48006.44424749933,1238.7843895582832,19,43,24,15.941517443548053
2026-02-10,Recruiting_Region_02,Tuesday,0,1172.3654848263702,79805.68953377537,1870.2248545182242,40,44,4,26.64467010969023
2026-02-11,Recruiting_Region_02,Wednesday,1,531.2273404581631,43893.70427223848,1053.1665645664054,21,59,38,9.00385322810446
2026-02-12,Recruiting_Region_02,Thursday,1,727.4824277041375,35789.27636353098,830.2605216170331,13,47,34,15.478349525619947
2026-02-13,Recruiting_Region_02,Friday,0,1173.947599632608,81313.27852986717,1580.6160005378306,40,36,0,32.60965554535022
2026-02-14,Recruiting_Region_02,Saturday,1,558.9793920332595,52658.54486092415,1110.0505419912033,19,35,16,15.970839772378843
2026-02-15,Recruiting_Region_02,Sunday,0,1069.1437512162909,78054.85670646474,1680.1892701527888,36,31,0,34.48850810375132
2026-02-16,Recruiting_Region_02,Monday,0,1137.6624776388826,74576.5756162774,1782.4730666404528,34,34,0,33.460661107025956
2026-02-17,Recruiting_Region_02,Tuesday,1,463.38697760683743,39942.52306532049,1029.391962441912,15,36,21,12.871860489078818
2026-02-18,Recruiting_Region_02,Wednesday,0,1142.3191065534763,62319.664026732,1472.6106127221392,28,25,0,45.69276426213905
2026-02-19,Recruiting_Region_02,Thursday,0,1254.6038825330922,70353.00150963021,1402.0065202329981,37,36,0,34.85010784814145
2026-02-20,Recruiting_Region_02,Friday,0,1139.999088244867,71010.76360042405,1863.6416493443962,43,30,0,37.99996960816223
2026-02-21,Recruiting_Region_02,Saturday,0,1173.35459356708,73289.41093044198,1708.0599762843915,28,35,7,33.52441695905943
2026-02-22,Recruiting_Region_02,Sunday,0,1174.0520450631516,75781.0699075232,1646.3456989406998,40,35,0,33.54434414466147
2026-02-23,Recruiting_Region_02,Monday,0,1186.6281552386235,80224.22633641885,1482.7237043371258,33,35,2,33.903661578246385
2026-02-24,Recruiting_Region_02,Tuesday,1,568.8280320692712,42597.13676733215,1106.2077684398914,30,48,18,11.850584001443151
2026-02-25,Recruiting_Region_02,Wednesday,1,646.9005725854557,35850.958883048945,1094.0016234691714,27,38,11,17.023699278564624
2026-02-26,Recruiting_Region_02,Thursday,0,1163.8230014726055,70769.02768430681,1770.8868633750465,44,36,0,32.32841670757237
2026-02-27,Recruiting_Region_02,Friday,1,721.0950123304161,39518.547959919844,1397.00524059559,29,39,10,18.4896157007799
2026-02-28,Recruiting_Region_02,Saturday,1,587.510598474015,34674.63459646096,1072.1674307088952,11,28,17,20.98252137407196
2026-03-01,Recruiting_Region_02,Sunday,1,580.8063350029288,43407.88478480348,1185.6114459428734,19,38,19,15.284377236919179
2026-01-05,Recruiting_Region_03,Monday,0,1323.4825362281567,85440.99968915599,2169.3802981565395,43,25,0,52.93930144912627
2026-01-06,Recruiting_Region_03,Tuesday,0,1452.7862363500626,93310.80458819456,2242.695273571351,52,33,0,44.02382534394129
2026-01-07,Recruiting_Region_03,Wednesday,0,1535.586955947362,92172.01083827477,2097.5508266694633,55,32,0,47.98709237335506
2026-01-08,Recruiting_Region_03,Thursday,1,804.1892081179735,47561.55888805481,1510.6688073761409,27,31,4,25.941587358644306
2026-01-09,Recruiting_Region_03,Friday,0,1371.6837438330683,94041.01762099253,2038.3664949688787,50,37,0,37.072533617109954
2026-01-10,Recruiting_Region_03,Saturday,1,879.6774619087676,53637.04715920437,1437.5149200499538,22,30,8,29.322582063625585
2026-01-11,Recruiting_Region_03,Sunday,0,1379.396929937507,97284.03821987261,2078.8300411033674,52,27,0,51.08877518287063
2026-01-12,Recruiting_Region_03,Monday,0,1316.8730771474025,89795.63847834906,1955.5345129672617,36,41,5,32.11885554018055
2026-01-13,Recruiting_Region_03,Tuesday,1,684.1104950104693,60707.064743824245,1415.750393160093,19,37,18,18.489472838120793
2026-01-14,Recruiting_Region_03,Wednesday,0,1383.970038170322,83367.14494399307,1961.9264904031897,36,44,8,31.453864503870953
2026-01-15,Recruiting_Region_03,Thursday,1,815.3546421191894,53804.91556891952,1298.775428944553,16,40,24,20.383866052979734
2026-01-16,Recruiting_Region_03,Friday,0,1479.6046581109695,93914.88122629252,2019.9438690399447,51,38,0,38.936964687130775
2026-01-17,Recruiting_Region_03,Saturday,0,1396.9526221885628,84719.37944586453,2131.340931111916,36,34,0,41.086841829075375
2026-01-18,Recruiting_Region_03,Sunday,0,1465.5418300530177,91073.84509890775,2065.122032754073,51,35,0,41.87262371580051
2026-01-19,Recruiting_Region_03,Monday,1,730.4837078729563,51471.48527629897,1111.3939462185601,25,43,18,16.98799320634782
2026-01-20,Recruiting_Region_03,Tuesday,1,724.1669894295641,59899.357253524715,1392.0841731344265,29,40,11,18.1041747357391
2026-01-21,Recruiting_Region_03,Wednesday,0,1202.3986695974897,80048.24647847402,2091.9855586937656,51,25,0,48.09594678389959
2026-01-22,Recruiting_Region_03,Thursday,1,836.6452289501723,58478.98859961435,1407.9900887731822,28,31,3,26.988555772586203
2026-01-23,Recruiting_Region_03,Friday,0,1562.692277996865,77576.95136591628,1978.2988246103164,38,30,0,52.0897425998955
2026-01-24,Recruiting_Region_03,Saturday,0,1329.171675569327,86322.11884100712,2482.0628987009263,59,28,0,47.470416984618815
2026-01-25,Recruiting_Region_03,Sunday,1,645.0401396840224,52346.23595813327,1176.0358103322267,22,23,1,28.045223464522714
2026-01-26,Recruiting_Region_03,Monday,0,1297.315235143937,95757.51958863233,2058.5702461728197,32,36,4,36.0365343095538
2026-01-27,Recruiting_Region_03,Tuesday,0,1409.3678383816357,99481.53197119254,2293.574166959313,64,29,0,48.59889097867709
2026-01-28,Recruiting_Region_03,Wednesday,1,623.1760894140676,47716.981770909995,1577.1020129832793,20,34,14,18.32870851217846
2026-01-29,Recruiting_Region_03,Thursday,1,730.1083909641507,49234.81397004357,1296.4149506836925,21,34,13,21.47377620482796
2026-01-30,Recruiting_Region_03,Friday,0,1507.0037988073057,88366.82199823267,2138.423398696874,60,31,0,48.613025767977604
2026-01-31,Recruiting_Region_03,Saturday,1,526.1066191868022,46238.43952363476,1556.3068090274905,32,21,0,25.052696151752485
2026-02-01,Recruiting_Region_03,Sunday,1,809.0639303292677,49641.35377498902,1456.8028188879803,31,35,4,23.116112295121933
2026-02-02,Recruiting_Region_03,Monday,1,664.546124198703,52959.13325956787,1458.2323854058818,21,58,37,11.457691796529362
2026-02-03,Recruiting_Region_03,Tuesday,0,1582.7023785449676,88136.37729783032,2298.431232350136,53,68,15,23.275034978602463
2026-02-04,Recruiting_Region_03,Wednesday,1,591.694670738172,58133.059679409576,1581.245616135981,28,58,30,10.201632254106414
2026-02-05,Recruiting_Region_03,Thursday,0,1496.3386855060658,90844.78763274799,2388.7520121820917,44,60,16,24.938978091767762
2026-02-06,Recruiting_Region_03,Friday,1,697.3561006458599,52540.34027574062,1369.0477163990172,26,62,36,11.24767904267516
2026-02-07,Recruiting_Region_03,Saturday,1,680.5940126126746,52941.36812090438,1306.0951423224262,26,66,40,10.312030494131434
2026-02-08,Recruiting_Region_03,Sunday,1,815.4407503380834,53145.49034691985,1416.6205897417776,23,56,33,14.561441970322917
2026-02-09,Recruiting_Region_03,Monday,1,755.958199880772,50398.11737669717,1332.7680999648574,24,83,59,9.107930119045445
2026-02-10,Recruiting_Region_03,Tuesday,0,1331.053325132023,91350.89702040721,1891.6254865825588,48,78,30,17.06478621964132
2026-02-11,Recruiting_Region_03,Wednesday,0,1158.852231969641,89145.3693058224,2009.1976655303167,50,69,19,16.794959883617985
2026-02-12,Recruiting_Region_03,Thursday,1,914.2775328665567,51696.73319205979,1432.9483387588182,25,63,38,14.512341791532647
2026-02-13,Recruiting_Region_03,Friday,1,737.7225375815299,44217.049982905155,1413.8026744686406,25,64,39,11.526914649711404
2026-02-14,Recruiting_Region_03,Saturday,0,1493.254434421907,80727.80986007425,2022.8781849347574,59,46,0,32.46205292221537
2026-02-15,Recruiting_Region_03,Sunday,1,997.3569031779458,51636.988812776624,1280.3378114374743,22,75,53,13.29809204237261
2026-02-16,Recruiting_Region_03,Monday,1,670.2689668590076,57850.53054481212,1369.8737010049051,30,56,26,11.96908869391085
2026-02-17,Recruiting_Region_03,Tuesday,0,1374.5866869981726,88799.87821948864,2129.5826185848487,46,88,42,15.62030326134287
2026-02-18,Recruiting_Region_03,Wednesday,1,703.7658582036615,54886.12670359887,1237.5541423817663,15,66,51,10.663119063691841
2026-02-19,Recruiting_Region_03,Thursday,0,1501.5281903901305,93283.45105488315,1953.9125046038266,34,61,27,24.615216235903777
2026-02-20,Recruiting_Region_03,Friday,1,767.503062692706,60917.77653966635,1543.446978996267,28,55,27,13.95460113986738
2026-02-21,Recruiting_Region_03,Saturday,1,748.7834686242745,59681.08163053211,1242.8087489611019,27,60,33,12.479724477071242
2026-02-22,Recruiting_Region_03,Sunday,1,688.2930851815814,55355.08257183276,1140.8042156199504,10,34,24,20.243914270046513
2026-02-23,Recruiting_Region_03,Monday,0,1488.7553967435542,92464.23574845998,2247.3250251134555,52,67,15,22.2202298021426
2026-02-24,Recruiting_Region_03,Tuesday,0,1273.808299077958,97991.90335248316,2340.4257353247867,40,60,20,21.230138317965967
2026-02-25,Recruiting_Region_03,Wednesday,1,742.4981858596632,51618.170012071605,1356.8394231927296,19,66,47,11.249972513025199
2026-02-26,Recruiting_Region_03,Thursday,1,818.1566490187779,57879.24298744569,1469.1683094060909,21,65,44,12.58702536951966
2026-02-27,Recruiting_Region_03,Friday,0,1414.8340542323292,88636.81569797336,1778.3673195662013,39,69,30,20.50484136568593
2026-02-28,Recruiting_Region_03,Saturday,0,1290.6465727912062,98969.62822586253,2143.8741709239525,46,63,17,20.48645353636835
2026-03-01,Recruiting_Region_03,Sunday,0,1471.2020222441263,90478.01533450696,2111.216027880609,45,78,33,18.861564387745208
2026-01-05,Recruiting_Region_04,Monday,1,547.2026106162583,30547.314260425617,1058.8782613847106,18,16,0,34.200163163516144
2026-01-06,Recruiting_Region_04,Tuesday,1,547.9143963609761,35708.248564269445,1031.154775734938,15,19,4,28.837599808472426
2026-01-07,Recruiting_Region_04,Wednesday,1,522.9886025984866,39887.490566295695,1082.7499300267389,18,23,5,22.738634895586376
2026-01-08,Recruiting_Region_04,Thursday,0,809.5596791984073,56599.68979919184,1152.4190680665783,30,17,0,47.62115759990631
2026-01-09,Recruiting_Region_04,Friday,1,313.74095311709846,40267.83317097104,1038.5180781019887,20,32,12,9.804404784909327
2026-01-10,Recruiting_Region_04,Saturday,0,902.194462542676,67694.49244143852,1290.5217503448173,36,22,0,41.00883920648527
2026-01-11,Recruiting_Region_04,Sunday,1,646.1026323960053,35571.160942678165,734.8252944126228,14,18,4,35.894590688666966
2026-01-12,Recruiting_Region_04,Monday,1,447.72431218362067,33673.317057651264,918.8102011610248,21,24,3,18.655179674317527
2026-01-13,Recruiting_Region_04,Tuesday,1,593.403376071473,36070.82695877513,915.3560749326789,11,36,25,16.48342711309647
2026-01-14,Recruiting_Region_04,Wednesday,1,456.2296009501114,30473.678579406125,987.3889910740478,17,26,9,17.547292344235053
2026-01-15,Recruiting_Region_04,Thursday,1,548.980176653396,36801.621253693884,777.353342004762,10,16,6,34.31126104083725
2026-01-16,Recruiting_Region_04,Friday,0,978.8026408515632,66599.88006997925,1418.4779701018388,29,28,0,34.957237173270116
2026-01-17,Recruiting_Region_04,Saturday,1,422.9623333935778,34367.38133074475,786.0837554707489,19,22,3,19.22556060879899
2026-01-18,Recruiting_Region_04,Sunday,0,1016.0071742293555,72251.4914689592,1371.089760642718,35,23,0,44.17422496649372
2026-01-19,Recruiting_Region_04,Monday,1,486.86308457009216,44342.45050553355,1032.3715320717524,23,23,0,21.16796019869966
2026-01-20,Recruiting_Region_04,Tuesday,0,1000.8069761720819,59844.37293511957,1579.05376922314,33,20,0,50.040348808604094
2026-01-21,Recruiting_Region_04,Wednesday,0,1065.7163026251874,70039.0525126321,1534.8916959284168,29,32,3,33.303634457037106
2026-01-22,Recruiting_Region_04,Thursday,1,437.6137127748929,37675.44509605988,964.1063227820039,20,31,11,14.116571379835255
2026-01-23,Recruiting_Region_04,Friday,1,376.7809042608352,39639.55215433637,652.4872277618392,7,23,16,16.38177844612327
2026-01-24,Recruiting_Region_04,Saturday,1,627.6429755203187,35890.18104868722,876.0832354469375,22,22,0,28.52922616001449
2026-01-25,Recruiting_Region_04,Sunday,1,494.074441630771,28253.31048004366,1016.8228945065744,16,12,0,41.17287013589758
2026-01-26,Recruiting_Region_04,Monday,1,516.726790386833,38423.54174893148,875.4927917178461,21,28,7,18.45452822810118
2026-01-27,Recruiting_Region_04,Tuesday,0,1087.2506260620423,65578.65405079423,1415.4949879174262,35,25,0,43.49002504248169
2026-01-28,Recruiting_Region_04,Wednesday,0,1054.1603967273854,60613.02722609513,1542.110133529297,32,22,0,47.91638166942661
2026-01-29,Recruiting_Region_04,Thursday,0,942.8117371665915,56703.93650310453,1563.2045126568948,40,23,0,40.99181465941702
2026-01-30,Recruiting_Region_04,Friday,0,886.1845618581149,60860.058969729085,1528.2614821528239,38,29,0,30.558088339934997
2026-01-31,Recruiting_Region_04,Saturday,0,1018.0218454876768,69210.83565402351,1488.5629956150435,39,27,0,37.70451279583988
2026-02-01,Recruiting_Region_04,Sunday,0,897.135133209278,64270.048248361134,1433.9985042337496,29,23,0,39.00587535692513
2026-02-02,Recruiting_Region_04,Monday,0,860.5599135949051,59928.90859587987,1759.859955847208,27,43,16,20.01302124639314
2026-02-03,Recruiting_Region_04,Tuesday,0,1000.3012539767946,63780.14411970161,1498.0637297671778,35,43,8,23.262819859925454
2026-02-04,Recruiting_Region_04,Wednesday,1,603.4261366561502,29346.94584173247,941.6790318957678,21,33,12,18.285640504731823
2026-02-05,Recruiting_Region_04,Thursday,0,1041.4654987392275,56358.84893005916,1597.1365921283339,42,51,9,20.420892132141717
2026-02-06,Recruiting_Region_04,Friday,1,601.3581540780806,32612.97913993994,885.8581965589968,13,42,29,14.318051287573347
2026-02-07,Recruiting_Region_04,Saturday,0,1155.7847747223002,76045.80946327971,1375.8837364673489,23,45,22,25.684106104940003
2026-02-08,Recruiting_Region_04,Sunday,0,892.9103860480174,57788.386340892546,1491.11998141092,23,42,19,21.259771096381364
2026-02-09,Recruiting_Region_04,Monday,1,473.65532868578225,37268.881508807404,797.9268944152894,14,66,52,7.176595889178519
2026-02-10,Recruiting_Region_04,Tuesday,0,1013.3534524749923,57405.89558873892,1699.98313487009,26,54,28,18.76580467546282
2026-02-11,Recruiting_Region_04,Wednesday,0,1058.6774065931413,70244.62664631118,1654.0690261125303,35,48,13,22.055779304023776
2026-02-12,Recruiting_Region_04,Thursday,0,992.589170130696,65079.899532530326,1470.7775545884776,36,55,19,18.04707582055811
2026-02-13,Recruiting_Region_04,Friday,1,463.0070661120182,34436.21763543555,961.159431690767,15,50,35,9.260141322240365
2026-02-14,Recruiting_Region_04,Saturday,1,334.04983856735754,39496.477678009134,966.2480457698894,15,37,22,9.028374015333988
2026-02-15,Recruiting_Region_04,Sunday,0,1056.453698143947,68703.27997828498,1572.7946488322516,37,54,17,19.563957373036054
2026-02-16,Recruiting_Region_04,Monday,0,1054.5731482296314,58735.732991312536,1597.4702217953616,41,44,3,23.96757155067344
2026-02-17,Recruiting_Region_04,Tuesday,1,571.5097067398406,37356.580408084126,994.8672889292668,17,42,25,13.607373969996203
2026-02-18,Recruiting_Region_04,Wednesday,1,517.5804753125147,41707.03163061853,771.6627362835842,13,49,36,10.562866843112547
2026-02-19,Recruiting_Region_04,Thursday,0,956.8078386394513,67211.34638623822,1426.476396916783,34,31,0,30.8647689883694
2026-02-20,Recruiting_Region_04,Friday,1,450.8031503908118,35945.19983456113,1102.0078900995384,15,41,26,10.995198790019801
2026-02-21,Recruiting_Region_04,Saturday,1,650.7255931736954,42505.328097389254,1004.0063602652662,25,27,2,24.10094789532205
2026-02-22,Recruiting_Region_04,Sunday,0,939.9684774562224,60184.706271885,1354.6094381243734,42,32,0,29.37401492050695
2026-02-23,Recruiting_Region_04,Monday,0,1128.7463487208324,54630.30165438798,1604.1080579208592,33,46,13,24.53796410262679
2026-02-24,Recruiting_Region_04,Tuesday,1,535.5021782289937,28286.168406224773,1036.8928175779615,12,45,33,11.900048405088748
2026-02-25,Recruiting_Region_04,Wednesday,0,968.0308133540116,60374.99970328499,1308.244427013306,27,61,34,15.869357595967402
2026-02-26,Recruiting_Region_04,Thursday,0,1007.3357204873681,60989.66554509082,1566.4865342930175,36,46,10,21.89860261929061
2026-02-27,Recruiting_Region_04,Friday,1,486.3946126284179,28808.761574681135,824.1354303727069,14,55,41,8.843538411425781
2026-02-28,Recruiting_Region_04,Saturday,1,586.1174934548694,27417.39824194536,913.8542729883605,13,42,29,13.95517841559213
2026-03-01,Recruiting_Region_04,Sunday,0,928.9990516102721,59164.86271760734,1344.1765583565373,25,38,13,24.44734346342821
2026-01-05,Recruiting_Region_05,Monday,1,836.5339997865121,62772.556849764485,1516.7414346911023,26,23,0,36.37104346897879
2026-01-06,Recruiting_Region_05,Tuesday,0,1690.5418309290776,105843.87552478444,2456.7426210932795,53,16,0,105.65886443306735
2026-01-07,Recruiting_Region_05,Wednesday,1,970.7266174401799,61163.390301889485,1472.058611222042,33,22,0,44.12393715637182
2026-01-08,Recruiting_Region_05,Thursday,0,1676.810564957325,106192.8887185124,2439.910443667275,52,22,0,76.21866204351477
2026-01-09,Recruiting_Region_05,Friday,0,1534.99721521376,98252.37769930156,2599.2193979954036,66,22,0,69.77260069153455
2026-01-10,Recruiting_Region_05,Saturday,1,826.3653683390345,62307.07531049286,1712.2684026196923,34,25,0,33.05461473356138
2026-01-11,Recruiting_Region_05,Sunday,0,1749.328049158355,109977.55183643142,2774.887292725737,60,31,0,56.42993706962436
2026-01-12,Recruiting_Region_05,Monday,1,911.3748620122157,62243.872094379854,1470.4952372161588,19,33,14,27.617420060976233
2026-01-13,Recruiting_Region_05,Tuesday,1,919.4674561441103,58970.73173739349,1381.1519218587996,28,23,0,39.97684591930914
2026-01-14,Recruiting_Region_05,Wednesday,0,1632.3201507998654,105396.55467814568,2651.141047441247,53,23,0,70.97044133912458
2026-01-15,Recruiting_Region_05,Thursday,1,839.2238026553166,61992.19227228185,1449.282748827943,24,26,2,32.27783856366602
2026-01-16,Recruiting_Region_05,Friday,1,902.7622531614942,63810.28347799566,1466.5019144681166,36,29,0,31.12973286763773
2026-01-17,Recruiting_Region_05,Saturday,0,1706.1201548699266,107420.41748387046,2607.5719795434197,69,29,0,58.83172947827333
2026-01-18,Recruiting_Region_05,Sunday,1,796.2593310208472,65926.76907435313,1580.1216655528094,34,28,0,28.437833250744543
2026-01-19,Recruiting_Region_05,Monday,0,1681.7589906230946,108494.84775788094,2590.274053214429,56,25,0,67.27035962492378
2026-01-20,Recruiting_Region_05,Tuesday,1,870.0285220641126,62272.89845661406,1644.4424112565603,28,25,0,34.8011408825645
2026-01-21,Recruiting_Region_05,Wednesday,1,870.5009527725821,61527.362649392475,1641.5932589758013,27,23,0,37.8478675118514
2026-01-22,Recruiting_Region_05,Thursday,0,1670.9874573329505,119205.49378703149,2476.604350825042,45,19,0,87.9467082806816
2026-01-23,Recruiting_Region_05,Friday,0,1781.293186180309,105825.03642332488,2482.567549871063,44,28,0,63.6176137921539
2026-01-24,Recruiting_Region_05,Saturday,0,1572.1226836130318,111498.47708879692,2478.380410674012,55,22,0,71.46012198241054
2026-01-25,Recruiting_Region_05,Sunday,0,1559.4979083099227,107580.98082108336,2603.8741657611204,53,23,0,67.80425688304011
2026-01-26,Recruiting_Region_05,Monday,1,814.5260120019183,56489.71608034806,1785.6302389248497,32,15,0,54.30173413346122
2026-01-27,Recruiting_Region_05,Tuesday,1,701.69570338516,57620.389271494976,1536.3768926573975,25,22,0,31.895259244779997
2026-01-28,Recruiting_Region_05,Wednesday,1,895.9012081726789,61965.80123417645,1679.0133800193607,20,27,7,33.18152622861774
2026-01-29,Recruiting_Region_05,Thursday,1,886.343139322424,51437.7943268827,1486.1708066504773,20,24,4,36.930964138434334
2026-01-30,Recruiting_Region_05,Friday,1,933.0515275940265,56560.5562826375,1486.590817727054,23,22,0,42.41143307245575
2026-01-31,Recruiting_Region_05,Saturday,0,1663.014123366492,105164.02521984337,2420.008705145066,54,24,0,69.2922551402705
2026-02-01,Recruiting_Region_05,Sunday,0,1764.3586149638418,104728.4331521847,2466.4491532551374,61,27,0,65.34661536903117
2026-02-02,Recruiting_Region_05,Monday,0,1754.7378829033266,113451.62119270729,2756.9311766237106,62,41,0,42.79848494886163
2026-02-03,Recruiting_Region_05,Tuesday,1,802.3922058936618,53510.869448548176,1628.5279815838562,31,32,1,25.07475643417693
2026-02-04,Recruiting_Region_05,Wednesday,0,1688.0197809585395,109015.2953504373,2385.6664859973816,49,36,0,46.88943835995943
2026-02-05,Recruiting_Region_05,Thursday,1,860.3577857410522,61185.40219274344,1499.1538077624577,30,39,9,22.060456044642365
2026-02-06,Recruiting_Region_05,Friday,1,805.1229142950019,52979.54187762102,1519.6786172630725,27,45,18,17.89162031766671
2026-02-07,Recruiting_Region_05,Saturday,1,895.6117551350335,63038.21778917816,1757.4758844903854,22,33,11,27.139750155607075
2026-02-08,Recruiting_Region_05,Sunday,1,939.0620060452468,65027.9450166823,1588.623911068005,29,23,0,40.82878287153247
2026-02-09,Recruiting_Region_05,Monday,0,1721.6483748550588,111343.50876655476,2542.2421656685933,49,53,4,32.48393160103885
2026-02-10,Recruiting_Region_05,Tuesday,0,1662.946056690158,112424.51832085208,2561.754086528651,55,63,8,26.395969153812032
2026-02-11,Recruiting_Region_05,Wednesday,0,1753.922877409632,97655.47938343414,2583.815455736391,43,49,6,35.79434443693127
2026-02-12,Recruiting_Region_05,Thursday,0,1749.8128034508736,120496.19153491809,2428.2492330378273,41,47,6,37.230059647890926
2026-02-13,Recruiting_Region_05,Friday,0,1696.766291165,103634.62548130208,2777.349012608918,52,37,0,45.858548409864866
2026-02-14,Recruiting_Region_05,Saturday,1,869.3864215192028,64410.12436080739,1664.1029349745913,26,38,12,22.87859003997902
2026-02-15,Recruiting_Region_05,Sunday,1,903.9213480776833,68599.244696101,1764.7125801228422,27,42,15,21.52193685899246
2026-02-16,Recruiting_Region_05,Monday,0,1756.6463073813482,101385.7343715888,2323.923487221127,42,53,11,33.14426995059147
2026-02-17,Recruiting_Region_05,Tuesday,1,1004.621086922583,60636.06626536497,1349.3606836022975,19,45,26,22.324913042724067
2026-02-18,Recruiting_Region_05,Wednesday,0,1720.7294002400015,106142.47474254789,2551.4317754787094,64,46,0,37.40716087478264
2026-02-19,Recruiting_Region_05,Thursday,1,978.9523172570356,70323.80745477209,1820.5794566499487,33,32,0,30.592259914282362
2026-02-20,Recruiting_Region_05,Friday,1,827.2323274794421,56823.862494965884,1719.0376784399068,23,46,23,17.983311466944393
2026-02-21,Recruiting_Region_05,Saturday,0,1627.9810317123397,92931.4726194352,2591.3272629462545,61,39,0,41.74310337723948
2026-02-22,Recruiting_Region_05,Sunday,1,814.9558318859605,65443.66898846467,1536.6486328053177,29,33,4,24.69563126927153
2026-02-23,Recruiting_Region_05,Monday,1,677.7918514020191,65564.29407316256,1400.6942290155262,26,42,16,16.137901223857597
2026-02-24,Recruiting_Region_05,Tuesday,1,846.658915396035,58138.3150891936,1693.0110797680552,33,45,12,18.814642564356333
2026-02-25,Recruiting_Region_05,Wednesday,0,1579.412986529442,97286.11598682367,2563.5447718728205,57,49,0,32.23291809243759
2026-02-26,Recruiting_Region_05,Thursday,0,1811.366646749722,96982.06326617138,2338.3738547847065,59,50,0,36.227332934994436
2026-02-27,Recruiting_Region_05,Friday,0,1720.2196381660738,93548.29674838537,2283.7942797644114,51,35,0,49.14913251903068
2026-02-28,Recruiting_Region_05,Saturday,0,1769.3872563870902,117935.21166461438,2450.7591572408533,54,35,0,50.55392161105972
2026-03-01,Recruiting_Region_05,Sunday,0,1564.9372999191896,106910.94365065194,2494.208982588098,62,47,0,33.296538296152974
2026-01-05,Recruiting_Region_06,Monday,1,748.3007820468564,65307.35816225525,1335.1117383660153,28,19,0,39.384251686676656
2026-01-06,Recruiting_Region_06,Tuesday,0,1621.0912916779075,95360.83000606277,2371.1047402146587,44,19,0,85.32059429883724
2026-01-07,Recruiting_Region_06,Wednesday,1,984.9181849528973,54644.99829964202,1164.6420827277389,18,22,4,44.76900840694987
2026-01-08,Recruiting_Region_06,Thursday,1,890.5911944083975,60373.28990504309,1647.4937953885067,30,23,0,38.72135627862598
2026-01-09,Recruiting_Region_06,Friday,1,937.050227440342,56505.58540325946,1554.3072100948111,32,27,0,34.70556397927193
2026-01-10,Recruiting_Region_06,Saturday,0,1469.7581258570722,105175.82221071156,2237.3200587918523,57,19,0,77.35569083458275
2026-01-11,Recruiting_Region_06,Sunday,1,739.622616672743,61269.39529733922,1379.2148945032968,24,26,2,28.44702371818242
2026-01-12,Recruiting_Region_06,Monday,0,1407.5603892948623,90613.82077427555,2054.2633843444196,43,43,0,32.733962541740986
2026-01-13,Recruiting_Region_06,Tuesday,0,1459.7550132897397,99704.36122495602,2259.191094354256,29,33,4,44.235000402719386
2026-01-14,Recruiting_Region_06,Wednesday,0,1537.6862191399077,86138.09899890519,2251.04331685036,57,36,0,42.713506087219656
2026-01-15,Recruiting_Region_06,Thursday,1,575.4826990572213,59934.08418274306,1636.2235396712636,31,30,0,19.18275663524071
2026-01-16,Recruiting_Region_06,Friday,0,1534.7956118957804,107874.66139372227,2348.3053523864496,52,32,0,47.96236287174314
2026-01-17,Recruiting_Region_06,Saturday,0,1412.7028176732858,90072.4428210465,2429.7332432643643,61,28,0,50.45367205976021
2026-01-18,Recruiting_Region_06,Sunday,0,1522.4881638083978,97904.40886772849,2394.379211688508,63,28,0,54.37457727887135
2026-01-19,Recruiting_Region_06,Monday,1,695.7473554045011,67189.08424236126,1510.7499765493476,26,24,0,28.989473141854216
2026-01-20,Recruiting_Region_06,Tuesday,1,873.5448448540023,52325.654259544695,1633.1439446966745,28,21,0,41.5973735644763
2026-01-21,Recruiting_Region_06,Wednesday,0,1395.8859024875826,94292.46503864604,2372.6461147831055,54,27,0,51.69947786991047
2026-01-22,Recruiting_Region_06,Thursday,0,1452.94487800438,85160.74914016473,2176.846339966589,48,30,0,48.43149593347933
2026-01-23,Recruiting_Region_06,Friday,0,1425.1735269347257,91616.20144211718,2464.970132579061,45,21,0,67.86540604451075
2026-01-24,Recruiting_Region_06,Saturday,1,914.1965694649793,50824.09719749827,1444.156341222418,26,17,0,53.77626879205761
2026-01-25,Recruiting_Region_06,Sunday,1,883.2272020995294,61957.29733919628,1406.8755147460308,24,21,0,42.058438195215686
2026-01-26,Recruiting_Region_06,Monday,1,766.5561853004641,49984.76750592226,1325.283963858348,23,19,0,40.34506238423495
2026-01-27,Recruiting_Region_06,Tuesday,1,802.5717957080315,68476.181660085,1312.2124597264756,20,30,10,26.752393190267714
2026-01-28,Recruiting_Region_06,Wednesday,0,1488.2392446417145,92150.65619335193,2299.9748123565378,52,31,0,48.00771756908757
2026-01-29,Recruiting_Region_06,Thursday,0,1423.6983664154475,93462.60076604372,2079.3676443829304,52,26,0,54.75762947751721
2026-01-30,Recruiting_Region_06,Friday,1,773.0166428644139,51709.87064010695,1539.510870095396,25,27,2,28.630246032015332
2026-01-31,Recruiting_Region_06,Saturday,0,1524.9276470104649,103984.99377245354,2331.2393914246995,40,21,0,72.61560223859357
2026-02-01,Recruiting_Region_06,Sunday,1,869.4926081817337,51520.82420714897,1256.5526457948063,18,30,12,28.98308693939112
2026-02-02,Recruiting_Region_06,Monday,0,1392.163285941457,95024.94712242535,2217.5704686983395,58,39,0,35.69649451131941
2026-02-03,Recruiting_Region_06,Tuesday,1,812.2641304140982,50575.55672926111,1561.1100824950615,25,51,26,15.926747655178396
2026-02-04,Recruiting_Region_06,Wednesday,0,1473.466108630419,97574.91084653884,1893.116262719259,34,51,17,28.89149232608665
2026-02-05,Recruiting_Region_06,Thursday,1,767.8042540518904,49045.32197190331,1431.2903893254029,26,35,9,21.937264401482583
2026-02-06,Recruiting_Region_06,Friday,0,1387.033066693563,96339.5588597423,2432.804511652718,47,52,5,26.673712821030055
2026-02-07,Recruiting_Region_06,Saturday,0,1404.2496364264368,94440.6774144832,2504.476880707844,42,43,1,32.6569682889869
2026-02-08,Recruiting_Region_06,Sunday,1,736.6429221954468,50122.133852267674,1419.1031524728253,18,39,21,18.888280056293507
2026-02-09,Recruiting_Region_06,Monday,1,874.28226545009,52732.200812777024,1427.9918911124437,32,34,2,25.714184277943822
2026-02-10,Recruiting_Region_06,Tuesday,1,621.095478689314,55942.77325126574,1589.9439896333968,28,48,20,12.939489139360708
2026-02-11,Recruiting_Region_06,Wednesday,0,1573.0440217051125,91553.6475202462,2054.9089288109035,50,48,0,32.77175045218984
2026-02-12,Recruiting_Region_06,Thursday,1,601.8790191176989,64956.02123351484,1557.0155099179922,27,57,30,10.559281037152612
2026-02-13,Recruiting_Region_06,Friday,0,1474.6487593401976,93021.60234557895,2607.6299489062967,56,47,0,31.375505517876544
2026-02-14,Recruiting_Region_06,Saturday,0,1537.809465330941,101236.08331442288,2315.133561578996,57,41,0,37.507547934901
2026-02-15,Recruiting_Region_06,Sunday,1,732.2063757724177,63454.20673856482,1435.5629742836315,36,39,3,18.774522455703018
2026-02-16,Recruiting_Region_06,Monday,0,1435.7855013975143,98455.01683111305,2231.635894974074,45,46,1,31.21272829125031
2026-02-17,Recruiting_Region_06,Tuesday,1,857.9636810978507,49915.95553075526,1338.4542976545872,23,40,17,21.449092027446266
2026-02-18,Recruiting_Region_06,Wednesday,0,1429.94490484688,93368.85005148231,2210.447566185551,49,37,0,38.64715959045622
2026-02-19,Recruiting_Region_06,Thursday,0,1564.2939624214705,99514.00327015448,2374.7263111352936,46,57,11,27.443753726692464
2026-02-20,Recruiting_Region_06,Friday,0,1491.0778078091091,94733.73980162863,2504.593236446221,58,45,0,33.13506239575798
2026-02-21,Recruiting_Region_06,Saturday,1,764.6915958952635,58365.274708962825,1479.6601358421833,28,27,0,28.321910959083834
2026-02-22,Recruiting_Region_06,Sunday,0,1564.8952797538336,100741.11862745292,2244.9467131931347,44,29,0,53.96190619840806
2026-02-23,Recruiting_Region_06,Monday,0,1405.676268233573,87295.68948410153,2347.386532894794,53,47,0,29.908005707097296
2026-02-24,Recruiting_Region_06,Tuesday,1,823.3704795838164,63727.6838178048,1458.0693919353207,29,39,10,21.112063579072217
2026-02-25,Recruiting_Region_06,Wednesday,1,594.8779458554908,55959.850970616055,1158.1051457233457,17,37,20,16.07778232041867
2026-02-26,Recruiting_Region_06,Thursday,1,803.9374198312752,60232.35278612969,1547.4826217853501,22,39,17,20.613779995673724
2026-02-27,Recruiting_Region_06,Friday,1,743.3252608382613,50819.88849266987,1504.4829244209798,43,52,9,14.29471655458195
2026-02-28,Recruiting_Region_06,Saturday,0,1408.2403473723462,99820.21897364674,2192.255305559078,50,45,0,31.294229941607693
2026-03-01,Recruiting_Region_06,Sunday,1,778.8194035337114,61600.70040883031,1452.2775843453226,32,52,20,14.977296221802142
2026-01-05,Recruiting_Region_07,Monday,0,1711.9074329363684,96019.69543914663,2531.388740335173,49,33,0,51.87598281625359
2026-01-06,Recruiting_Region_07,Tuesday,1,735.7087486445699,62344.41755523215,1572.078227854909,24,31,7,23.732540278857094
2026-01-07,Recruiting_Region_07,Wednesday,1,861.3512964061576,55373.1876570121,1560.9667612214528,31,34,3,25.333861659004636
2026-01-08,Recruiting_Region_07,Thursday,1,776.9471350827544,60077.871409487474,1598.6241146344967,28,44,16,17.657889433698962
2026-01-09,Recruiting_Region_07,Friday,0,1592.3023494330982,110951.69027911201,2407.825791308548,59,38,0,41.90269340613416
2026-01-10,Recruiting_Region_07,Saturday,1,852.4307154638235,68145.71086825221,1586.1420454585857,30,30,0,28.41435718212745
2026-01-11,Recruiting_Region_07,Sunday,0,1528.0128983259235,95797.62277149125,2736.289901616097,59,44,0,34.727565871043716
2026-01-12,Recruiting_Region_07,Monday,1,644.930067480028,65254.489424261265,1522.1327321062338,23,44,21,14.657501533637001
2026-01-13,Recruiting_Region_07,Tuesday,1,843.7030178626247,64852.5502393817,1483.6115910703509,26,52,26,16.225058035819707
2026-01-14,Recruiting_Region_07,Wednesday,1,716.0177007892798,67679.4870490226,1609.534961160916,20,37,17,19.35182975106162
2026-01-15,Recruiting_Region_07,Thursday,1,902.3245909654606,51952.2411262496,1447.9608963335108,30,45,15,20.051657577010236
2026-01-16,Recruiting_Region_07,Friday,0,1634.7539968204776,108456.62335135703,2496.5431054429546,50,46,0,35.53813036566255
2026-01-17,Recruiting_Region_07,Saturday,1,952.1019777624837,58768.03301167226,1441.6097657453772,29,29,0,32.831102681464955
2026-01-18,Recruiting_Region_07,Sunday,1,882.100079010003,64312.097290198515,1742.3470157551246,26,32,6,27.565627469062594
2026-01-19,Recruiting_Region_07,Monday,1,789.5682628011008,53161.89279968776,1499.8643511181813,35,34,0,23.222595964738257
2026-01-20,Recruiting_Region_07,Tuesday,0,1642.1758985059532,113874.82573700557,2323.365033866464,59,41,0,40.05307069526715
2026-01-21,Recruiting_Region_07,Wednesday,1,952.854160015216,54708.21957719709,1556.1228815347142,30,26,0,36.648236923662154
2026-01-22,Recruiting_Region_07,Thursday,0,1495.4904899555884,103714.9454493023,2365.3430782275145,64,27,0,55.38853666502179
2026-01-23,Recruiting_Region_07,Friday,1,950.0551503803808,55764.85033598402,1679.1432900602247,25,35,10,27.14443286801088
2026-01-24,Recruiting_Region_07,Saturday,1,888.6053909798311,53834.59888622773,1489.3932820201446,34,37,3,24.016361918373814
2026-01-25,Recruiting_Region_07,Sunday,0,1477.9438109375565,97981.55630925993,2463.822286923264,41,35,0,42.22696602678733
2026-01-26,Recruiting_Region_07,Monday,0,1671.9640917430374,98785.78376864323,2413.3366694799797,54,37,0,45.18821869575777
2026-01-27,Recruiting_Region_07,Tuesday,0,1666.1537586030583,105456.52851468939,2464.8004495856494,68,45,0,37.02563908006796
2026-01-28,Recruiting_Region_07,Wednesday,1,867.5519846745625,63098.987067046,1470.225698711284,19,32,13,27.11099952108008
2026-01-29,Recruiting_Region_07,Thursday,1,883.4861378904421,70269.76753366392,1532.6823438067795,32,34,2,25.984886408542415
2026-01-30,Recruiting_Region_07,Friday,0,1680.2101907238953,101826.37328298898,2664.230274438838,49,44,0,38.186595243724895
2026-01-31,Recruiting_Region_07,Saturday,1,819.6973357619554,56077.37128661787,1456.3426113013832,19,26,7,31.526820606229055
2026-02-01,Recruiting_Region_07,Sunday,0,1595.9278278244617,105459.5821241716,2505.380242137838,52,48,0,33.24849641300962
2026-02-02,Recruiting_Region_07,Monday,1,773.563838352514,54375.29043822152,1402.7937332628953,26,50,24,15.47127676705028
2026-02-03,Recruiting_Region_07,Tuesday,0,1660.4021845888728,104543.0415895483,2304.9395242237524,40,56,16,29.650039010515588
2026-02-04,Recruiting_Region_07,Wednesday,0,1470.8722562234252,97056.86692370575,2339.2360551412385,51,52,1,28.28600492737356
2026-02-05,Recruiting_Region_07,Thursday,0,1609.0208870160777,95959.64457613674,2418.202238017218,56,67,11,24.01523711964295
2026-02-06,Recruiting_Region_07,Friday,0,1711.358874933817,100768.80201043742,2576.8410475902715,45,54,9,31.69183101729291
2026-02-07,Recruiting_Region_07,Saturday,0,1604.741348918956,102114.57720695542,2524.7959527267194,43,55,12,29.17711543489011
2026-02-08,Recruiting_Region_07,Sunday,0,1715.6117409953497,114740.42538916845,2563.4951103549706,56,56,0,30.63592394634553
2026-02-09,Recruiting_Region_07,Monday,1,890.9105240856675,51432.52329078114,1498.9301937242203,29,89,60,10.010230607704129
2026-02-10,Recruiting_Region_07,Tuesday,1,884.2803289245907,65457.991087588714,1653.6509140687233,21,69,48,12.815656940936096
2026-02-11,Recruiting_Region_07,Wednesday,1,878.5165648314553,61275.951516304,1447.5889871524564,28,72,44,12.201618955992435
2026-02-12,Recruiting_Region_07,Thursday,1,828.1802929909976,51694.28581424966,1682.8811428912043,26,67,41,12.360899895388023
2026-02-13,Recruiting_Region_07,Friday,0,1517.5531142772984,100597.04979719697,2447.2250256641987,49,69,20,21.993523395323166
2026-02-14,Recruiting_Region_07,Saturday,0,1638.365340382716,87331.01882156888,2428.1958982505184,57,62,5,26.42524742552768
2026-02-15,Recruiting_Region_07,Sunday,1,815.5695604649543,57348.128986633055,1308.0982210312104,23,58,35,14.061544145947488
2026-02-16,Recruiting_Region_07,Monday,0,1673.8441302968572,99388.47554598888,2602.843474938569,54,69,15,24.258610584012423
2026-02-17,Recruiting_Region_07,Tuesday,0,1562.2440762549584,96796.14011960395,2405.0280246136267,44,76,32,20.555843108617875
2026-02-18,Recruiting_Region_07,Wednesday,1,891.3652991623242,61854.91113917425,1549.364287248639,27,74,47,12.045477015707084
2026-02-19,Recruiting_Region_07,Thursday,0,1690.0717126455293,107820.85816876806,2834.7632796453845,76,53,0,31.888145521613758
2026-02-20,Recruiting_Region_07,Friday,0,1558.6561171149203,99668.9824779731,2517.4465113520905,50,73,23,21.351453659108497
2026-02-21,Recruiting_Region_07,Saturday,1,679.8355240007838,57700.3431339774,1578.8012944228497,29,57,28,11.926939017557611
2026-02-22,Recruiting_Region_07,Sunday,0,1576.006655425783,102557.36497130153,2428.7483918111307,42,40,0,39.400166385644575
2026-02-23,Recruiting_Region_07,Monday,1,808.9816611652444,62106.64233739818,1417.019850044348,27,68,41,11.896789134783006
2026-02-24,Recruiting_Region_07,Tuesday,1,810.3550339980518,60834.17889392136,1580.3711295607375,29,68,39,11.916985794088998
2026-02-25,Recruiting_Region_07,Wednesday,1,799.6400193507698,44551.69255756958,1476.4942285755599,28,58,30,13.7868968853581
2026-02-26,Recruiting_Region_07,Thursday,0,1386.201454204829,103638.2072759406,2312.574557310974,33,78,45,17.771813515446524
2026-02-27,Recruiting_Region_07,Friday,0,1629.6214516449834,103138.74847186333,2400.0853515607587,60,73,13,22.323581529383333
2026-02-28,Recruiting_Region_07,Saturday,0,1543.043217590786,105891.579062968,2396.9579748160286,52,70,18,22.043474537011228
2026-03-01,Recruiting_Region_07,Sunday,0,1453.647340821999,99643.32336998935,2293.6753806602333,49,66,17,22.024959709424227
2026-01-05,Recruiting_Region_08,Monday,0,1283.3596825394745,81948.01510587982,1964.7820142291625,54,22,0,58.33453102452157
2026-01-06,Recruiting_Region_08,Tuesday,0,1185.8296645572173,80404.38722423672,1859.5866669158231,49,21,0,56.468079264629395
2026-01-07,Recruiting_Region_08,Wednesday,0,1212.2331403104308,85936.48881853794,1853.7599544693858,48,13,0,93.24870310080237
2026-01-08,Recruiting_Region_08,Thursday,1,498.5847912555458,50188.050343035546,1466.0852061657868,31,26,0,19.1763381252133
2026-01-09,Recruiting_Region_08,Friday,1,559.2091226839981,45062.29294416074,1314.1599961279694,31,23,0,24.31344011669557
2026-01-10,Recruiting_Region_08,Saturday,1,695.4973115433512,57666.4233909698,1390.8920757921715,26,23,0,30.239013545363097
2026-01-11,Recruiting_Region_08,Sunday,0,1300.0014056524394,72653.4314271387,1975.91601786623,46,28,0,46.42862163044426
2026-01-12,Recruiting_Region_08,Monday,1,601.4102482527052,51206.40784060605,1340.4902400333995,24,26,2,23.131163394334813
2026-01-13,Recruiting_Region_08,Tuesday,0,1225.1705487993815,73185.42860344413,1772.3290414661496,36,37,1,33.11271753511842
2026-01-14,Recruiting_Region_08,Wednesday,0,1343.0404697470128,85789.69032564928,1866.4314539131822,47,37,0,36.29839107424359
2026-01-15,Recruiting_Region_08,Thursday,1,805.3799708723586,45318.23275485127,1271.9754579845028,28,35,7,23.010856310638818
2026-01-16,Recruiting_Region_08,Friday,1,589.3750253909575,52231.47976607618,1260.1508218122303,22,22,0,26.789773881407157
2026-01-17,Recruiting_Region_08,Saturday,0,1310.1079821520477,75852.93164164739,1901.7632703348347,34,20,0,65.50539910760239
2026-01-18,Recruiting_Region_08,Sunday,0,1284.258936999232,72573.71855756498,1696.2734687524314,46,27,0,47.56514581478637
2026-01-19,Recruiting_Region_08,Monday,0,1281.1436453414071,82445.33173342503,1722.8758714031308,40,27,0,47.44976464227434
2026-01-20,Recruiting_Region_08,Tuesday,1,665.6290035125318,48251.0196915151,1193.7481729172812,24,20,0,33.28145017562659
2026-01-21,Recruiting_Region_08,Wednesday,0,1347.3607444179718,75668.69811750765,1970.4172973400246,45,31,0,43.463249819934575
2026-01-22,Recruiting_Region_08,Thursday,0,1335.7615339034062,78463.4814961208,1869.0184792122561,34,29,0,46.060742548393314
2026-01-23,Recruiting_Region_08,Friday,0,1231.5721461735595,87450.48880084671,2114.4768613846654,42,21,0,58.64629267493141
2026-01-24,Recruiting_Region_08,Saturday,1,717.7515739143687,50632.25203264168,1260.996704374323,21,10,0,71.77515739143686
2026-01-25,Recruiting_Region_08,Sunday,1,681.0752833368584,47338.29408494516,1286.25736363937,19,15,0,45.405018889123895
2026-01-26,Recruiting_Region_08,Monday,0,1241.8520167890133,81552.96717374398,2160.723350825069,50,22,0,56.44781894495515
2026-01-27,Recruiting_Region_08,Tuesday,0,1242.9991428648505,87263.7320441472,2130.648315702261,42,29,0,42.86203940913278
2026-01-28,Recruiting_Region_08,Wednesday,1,594.551403634915,36552.81669967513,1395.2644080739606,17,36,19,16.515316767636527
2026-01-29,Recruiting_Region_08,Thursday,1,655.4721897438721,50748.55463725888,999.5614757285626,11,30,19,21.849072991462403
2026-01-30,Recruiting_Region_08,Friday,1,576.0872619000764,43128.08297415878,1153.5247043008424,20,24,4,24.003635912503185
2026-01-31,Recruiting_Region_08,Saturday,1,762.0107088464339,42457.610621157,1259.0388961449703,20,24,4,31.750446201934746
2026-02-01,Recruiting_Region_08,Sunday,1,748.7564296713456,45963.71522667342,1476.6466676830958,32,27,0,27.731719617457244
2026-02-02,Recruiting_Region_08,Monday,1,632.5215815077497,39215.89749182223,1179.5057845515723,33,39,6,16.2185020899423
2026-02-03,Recruiting_Region_08,Tuesday,0,1186.206252571981,78346.4995083391,1704.4695295514716,39,43,4,27.586191920278626
2026-02-04,Recruiting_Region_08,Wednesday,0,1328.767325086197,83808.46596875848,1977.547376225481,52,32,0,41.523978908943654
2026-02-05,Recruiting_Region_08,Thursday,0,1248.119448136235,79935.32652891439,1948.8368355473826,36,45,9,27.735987736360777
2026-02-06,Recruiting_Region_08,Friday,1,649.7167826934905,40261.89411319229,988.3023549537868,15,59,44,11.012148859211703
2026-02-07,Recruiting_Region_08,Saturday,0,1064.1142651242767,72367.86111178155,2153.0773243985022,42,48,6,22.1690471900891
2026-02-08,Recruiting_Region_08,Sunday,0,1187.5510728976433,82941.93056568067,1914.3001728638958,46,50,4,23.751021457952866
2026-02-09,Recruiting_Region_08,Monday,1,777.0754703689812,50265.916822776024,1202.6435553657948,34,46,12,16.892945008021332
2026-02-10,Recruiting_Region_08,Tuesday,0,1146.815827523212,73106.22617523863,1889.9579081511401,39,48,9,23.891996406733583
2026-02-11,Recruiting_Region_08,Wednesday,1,626.7573749020312,45332.85762144193,1291.3754707222986,25,60,35,10.445956248367187
2026-02-12,Recruiting_Region_08,Thursday,1,634.8373330457727,46758.346210771,1112.1397742068111,17,56,39,11.33638094724594
2026-02-13,Recruiting_Region_08,Friday,1,714.9684451272532,51458.10163048344,1332.232144746928,18,37,19,19.323471489925762
2026-02-14,Recruiting_Region_08,Saturday,1,675.6076651284036,47673.540336021084,1118.1247453396022,24,42,18,16.085896788771514
2026-02-15,Recruiting_Region_08,Sunday,0,1394.4329225349086,76152.11361777157,1834.8890760750978,37,44,7,31.69165733033883
2026-02-16,Recruiting_Region_08,Monday,0,1513.681458188179,77836.72085019475,1679.841006323994,33,52,19,29.109258811311136
2026-02-17,Recruiting_Region_08,Tuesday,1,588.7868250362259,45336.236888256855,1312.283482993848,26,45,19,13.084151667471685
2026-02-18,Recruiting_Region_08,Wednesday,0,1285.428224331563,70026.45794912562,1838.7837485452078,39,42,3,30.60543391265626
2026-02-19,Recruiting_Region_08,Thursday,1,759.9352026927141,51400.84902709199,1271.7708346243417,22,31,9,24.514038796539165
2026-02-20,Recruiting_Region_08,Friday,1,688.7437174541393,49318.49421443098,1355.5338629201574,35,43,8,16.017295754747426
2026-02-21,Recruiting_Region_08,Saturday,0,1068.5628691093775,81916.54911592067,1655.7045586641607,31,34,3,31.428319679687576
2026-02-22,Recruiting_Region_08,Sunday,0,1416.9267802338836,77142.67500223841,1834.5246146183988,44,56,12,25.302263932747923
2026-02-23,Recruiting_Region_08,Monday,1,491.1476158580816,40510.11764960175,1322.8686802419381,20,45,25,10.914391463512924
2026-02-24,Recruiting_Region_08,Tuesday,0,1276.3159729882007,85259.4933508123,1555.2504686801406,31,36,5,35.453221471894466
2026-02-25,Recruiting_Region_08,Wednesday,1,674.2256426811127,44638.23019839439,1145.281588593811,21,48,27,14.046367555856515
2026-02-26,Recruiting_Region_08,Thursday,0,1241.743583414959,80861.83639226394,2099.3651584964045,46,57,11,21.78497514763086
2026-02-27,Recruiting_Region_08,Friday,1,628.7910124867976,44505.20824859294,1180.5154966206082,22,49,27,12.832469642587707
2026-02-28,Recruiting_Region_08,Saturday,0,1155.7986647629875,91642.41175154601,1873.4021933251952,35,46,11,25.126057929630164
2026-03-01,Recruiting_Region_08,Sunday,1,635.6948433473444,44562.301446685706,1191.726275647496,23,43,20,14.783601008077778
2026-01-05,Recruiting_Region_09,Monday,0,1904.2601461799838,110203.03242577602,2723.3270066769633,60,22,0,86.55727937181744
2026-01-06,Recruiting_Region_09,Tuesday,0,1671.3879997551994,106584.74408602499,2411.86111740326,40,32,0,52.23087499234998
2026-01-07,Recruiting_Region_09,Wednesday,0,1849.800753674762,105986.36109777025,2685.990614058288,47,33,0,56.05456829317461
2026-01-08,Recruiting_Region_09,Thursday,0,1688.0036901355975,106127.45674413873,2891.8655807135724,57,32,0,52.75011531673742
2026-01-09,Recruiting_Region_09,Friday,0,1763.6704430859406,112619.07953872664,2631.3598760184027,52,53,1,33.27680081294228
2026-01-10,Recruiting_Region_09,Saturday,1,824.5135272901261,69990.3538702834,1739.8849470897408,31,39,8,21.14137249461862
2026-01-11,Recruiting_Region_09,Sunday,0,1715.0844030651901,108549.6296205159,2814.2111033221145,65,37,0,46.35363251527541
2026-01-12,Recruiting_Region_09,Monday,1,935.6371926262643,74470.76351896524,1753.2316731748047,32,42,10,22.277076014911056
2026-01-13,Recruiting_Region_09,Tuesday,0,1904.3805728205748,114080.85865823072,2886.0574035366008,62,46,0,41.3995776700125
2026-01-14,Recruiting_Region_09,Wednesday,1,890.4331777972599,66471.06345623074,1477.892372356584,38,46,8,19.357242995592607
2026-01-15,Recruiting_Region_09,Thursday,0,1911.2657068144083,121730.48857134965,2783.23713382617,79,51,0,37.47579817283154
2026-01-16,Recruiting_Region_09,Friday,1,830.8691069846303,57727.89368035914,1766.7805054329497,28,55,27,15.106711036084187
2026-01-17,Recruiting_Region_09,Saturday,1,958.8752961307872,64932.16524615603,1835.0215249023997,27,34,7,28.202214592081976
2026-01-18,Recruiting_Region_09,Sunday,1,799.2309807139604,61895.72404994916,1657.3971802577225,28,38,10,21.032394229314747
2026-01-19,Recruiting_Region_09,Monday,0,1813.7877077412809,108671.47809870118,2676.3884902231302,61,35,0,51.822505935465166
2026-01-20,Recruiting_Region_09,Tuesday,1,905.8241276017721,62755.451429574896,1575.3284742600706,24,40,16,22.645603190044305
2026-01-21,Recruiting_Region_09,Wednesday,1,1064.9974090843707,64636.86912640288,1696.914591970023,33,27,0,39.44434848460632
2026-01-22,Recruiting_Region_09,Thursday,0,1950.529610265601,115299.34380314586,2701.3331242319414,55,43,0,45.361153727106995
2026-01-23,Recruiting_Region_09,Friday,1,947.7287881138669,68318.24302767387,1561.900177742857,35,35,0,27.077965374681913
2026-01-24,Recruiting_Region_09,Saturday,0,1847.1582823440908,113429.97900632852,2741.559671096546,61,34,0,54.3281847748262
2026-01-25,Recruiting_Region_09,Sunday,1,863.3148412161488,65372.578690854585,1750.2411823434302,38,34,0,25.391612976945552
2026-01-26,Recruiting_Region_09,Monday,0,1733.0727902338404,113385.51464269418,2723.960303649068,59,36,0,48.1409108398289
2026-01-27,Recruiting_Region_09,Tuesday,1,1011.4202164017639,70252.30437579115,1814.7937893394908,22,31,9,32.626458593605285
2026-01-28,Recruiting_Region_09,Wednesday,0,1826.3123419207584,109826.50362016256,2706.3092392014914,63,40,0,45.65780854801896
2026-01-29,Recruiting_Region_09,Thursday,1,813.666762741338,61792.84769072109,1398.6727045834284,22,41,19,19.845530798569218
2026-01-30,Recruiting_Region_09,Friday,1,1010.9262657216925,66756.48381581664,1690.0784614047598,34,46,12,21.976657950471576
2026-01-31,Recruiting_Region_09,Saturday,0,1744.9358944254504,118509.62926056393,3011.9784020858233,56,39,0,44.74194601090898
2026-02-01,Recruiting_Region_09,Sunday,1,761.5290761231755,69355.16989007335,1844.5606671791204,29,32,3,23.797783628849235
2026-02-02,Recruiting_Region_09,Monday,1,855.2458361229249,76505.53960540911,1692.5398390155747,36,56,20,15.272247073623658
2026-02-03,Recruiting_Region_09,Tuesday,1,932.0018108767117,69401.51252340413,1810.8651319739251,32,62,30,15.032287272205028
2026-02-04,Recruiting_Region_09,Wednesday,0,1893.9203699507086,119719.70666496569,2624.1995571701686,50,68,18,27.85177014633395
2026-02-05,Recruiting_Region_09,Thursday,0,1778.4774535676959,119914.43969887169,2676.4680504115486,52,71,19,25.048978219263322
2026-02-06,Recruiting_Region_09,Friday,0,1820.089094028471,113966.85099692194,2579.1665742407054,63,63,0,28.890303079817
2026-02-07,Recruiting_Region_09,Saturday,1,1257.3020093128782,67896.45295972897,1688.7769282463146,36,62,26,20.279064666336744
2026-02-08,Recruiting_Region_09,Sunday,1,918.1286690855044,56795.11608678203,1686.788822991564,25,60,35,15.302144484758406
2026-02-09,Recruiting_Region_09,Monday,1,875.9960753404488,68314.86019464345,1912.2236556469668,24,78,54,11.230718914621137
2026-02-10,Recruiting_Region_09,Tuesday,0,1837.5197133608478,106958.99832748367,2686.704659706303,54,87,33,21.12091624552699
2026-02-11,Recruiting_Region_09,Wednesday,1,977.0143784144661,72166.62506962213,1817.1751048851136,32,92,60,10.619721504505067
2026-02-12,Recruiting_Region_09,Thursday,0,1825.8046519186942,116210.51975256497,2443.0411143009555,49,85,36,21.480054728455226
2026-02-13,Recruiting_Region_09,Friday,1,965.6793272344548,68525.6579905947,1690.4707477641177,32,61,29,15.830808643187783
2026-02-14,Recruiting_Region_09,Saturday,0,1908.2261395608664,109721.85974704997,2752.8556562048057,59,66,7,28.912517266073735
2026-02-15,Recruiting_Region_09,Sunday,0,1597.8898520722994,117332.44163232349,2991.638872681824,62,52,0,30.72865100139037
2026-02-16,Recruiting_Region_09,Monday,1,1035.7697629839972,64438.82537880512,1742.7012614091366,32,65,33,15.934919430523035
2026-02-17,Recruiting_Region_09,Tuesday,0,1791.7076750977728,121948.16717976371,2873.266063762797,70,67,0,26.741905598474222
2026-02-18,Recruiting_Region_09,Wednesday,1,980.7065682355584,84318.91550452671,1583.2355078832197,23,51,28,19.2295405536384
2026-02-19,Recruiting_Region_09,Thursday,0,1903.6466398205046,117656.80422496166,2742.5935717823854,68,55,0,34.611757087645536
2026-02-20,Recruiting_Region_09,Friday,0,1706.2508986870394,108591.83531956283,2618.2636594704236,58,56,0,30.468766047982847
2026-02-21,Recruiting_Region_09,Saturday,1,903.735072530171,63944.423416048165,1800.9683692181607,29,57,28,15.855001272459141
2026-02-22,Recruiting_Region_09,Sunday,1,894.069344006425,67933.24205319118,1883.7394793955752,38,51,13,17.53077145110637
2026-02-23,Recruiting_Region_09,Monday,0,1741.4885534788882,109962.73881232722,2760.572508340546,50,56,6,31.098009883551576
2026-02-24,Recruiting_Region_09,Tuesday,1,966.6545461298824,76470.91210601495,1789.4424082758135,41,66,25,14.646281001967916
2026-02-25,Recruiting_Region_09,Wednesday,0,1695.8071563044903,122105.55800946953,2385.931343170785,65,60,0,28.26345260507484
2026-02-26,Recruiting_Region_09,Thursday,0,1719.0183175865354,110618.70901895833,2699.0771213856824,60,69,9,24.913308950529498
2026-02-27,Recruiting_Region_09,Friday,1,1050.8943174638105,66739.54417259178,1796.8995052464388,37,82,45,12.815784359314762
2026-02-28,Recruiting_Region_09,Saturday,1,887.0474625446041,72357.05484730084,1644.3513117121818,39,79,40,11.228448892969672
2026-03-01,Recruiting_Region_09,Sunday,0,1985.5693348381117,116208.45472105262,2406.8813572876174,44,82,38,24.214260180952582
2026-01-05,Recruiting_Region_10,Monday,0,1727.429857541405,101959.85476831831,2479.311113789127,62,25,0,69.0971943016562
2026-01-06,Recruiting_Region_10,Tuesday,0,1904.6767701209913,111953.32652858099,2656.92037772025,50,36,0,52.90768805891642
2026-01-07,Recruiting_Region_10,Wednesday,1,880.8335735271556,67857.3674629808,1470.1123889690737,29,24,0,36.70139889696482
2026-01-08,Recruiting_Region_10,Thursday,1,684.6143092937403,55482.885074025115,1655.0197609329814,35,38,3,18.0161660340458
2026-01-09,Recruiting_Region_10,Friday,0,1764.0885318289165,106208.70057326589,2706.746730491663,60,26,0,67.84955891649679
2026-01-10,Recruiting_Region_10,Saturday,0,1840.6706809910631,104099.97413263956,2492.8396252348575,64,32,0,57.52095878097072
2026-01-11,Recruiting_Region_10,Sunday,0,1714.3750106122104,107454.05550630575,2523.7221823519485,48,28,0,61.227678950436086
2026-01-12,Recruiting_Region_10,Monday,1,917.1238571624723,63503.45593113514,1451.5337982320987,19,35,16,26.203538776070637
2026-01-13,Recruiting_Region_10,Tuesday,0,1703.3207649068452,105247.09481446461,2773.530894117764,59,46,0,37.02871228058359
2026-01-14,Recruiting_Region_10,Wednesday,0,1791.6885220898698,102195.282385337,2522.412805821354,49,44,0,40.72019368386068
2026-01-15,Recruiting_Region_10,Thursday,1,875.9394099655333,55590.956174091705,1665.3143550203858,21,45,24,19.465320221456295
2026-01-16,Recruiting_Region_10,Friday,1,1075.1252170695536,68471.87711278036,1617.2458452125293,27,40,13,26.878130426738842
2026-01-17,Recruiting_Region_10,Saturday,1,791.4851561871099,66141.93877654852,1674.7372635462152,33,33,0,23.984398672336663
2026-01-18,Recruiting_Region_10,Sunday,0,1591.2785234403334,112248.53769492298,2689.5316233795083,54,23,0,69.18602275827537
2026-01-19,Recruiting_Region_10,Monday,0,1713.9103709362143,115989.57533684473,2532.643755870402,57,42,0,40.80738978419558
2026-01-20,Recruiting_Region_10,Tuesday,1,1124.40354728108,59315.026441463546,1710.9560114753485,37,31,0,36.27108217035742
2026-01-21,Recruiting_Region_10,Wednesday,1,942.5666345775666,65225.90048756604,1605.0634794127386,34,39,5,24.16837524557863
2026-01-22,Recruiting_Region_10,Thursday,1,899.4839768389766,60282.986482613385,1892.4143097685785,38,28,0,32.12442774424916
2026-01-23,Recruiting_Region_10,Friday,1,801.7373941917265,65587.63180077334,1493.7281127255312,29,26,0,30.836053622758712
2026-01-24,Recruiting_Region_10,Saturday,0,1594.7526258103535,114397.97308919825,2521.7157842401084,65,28,0,56.95545092179834
2026-01-25,Recruiting_Region_10,Sunday,1,951.3950046979094,62365.49430163907,1650.210172556677,30,24,0,39.64145852907956
2026-01-26,Recruiting_Region_10,Monday,1,970.736271598232,62930.70434918129,1634.666933958609,22,36,14,26.96489643328422
2026-01-27,Recruiting_Region_10,Tuesday,1,924.1142367261996,63050.22198136269,1681.965218683064,29,26,0,35.54285525869999
2026-01-28,Recruiting_Region_10,Wednesday,0,1652.0857870873438,117887.90692064386,2730.967375568232,52,27,0,61.188362484716436
2026-01-29,Recruiting_Region_10,Thursday,1,928.6721222503357,58778.52126317841,1711.3175889057593,26,32,6,29.021003820322992
2026-01-30,Recruiting_Region_10,Friday,1,947.5175605068501,63925.166559863,1322.004358169431,17,28,11,33.83991287524465
2026-01-31,Recruiting_Region_10,Saturday,1,927.9136120479334,73604.2855463776,1883.2910316059297,35,37,2,25.078746271565766
2026-02-01,Recruiting_Region_10,Sunday,1,955.0642022310383,59771.16994575558,1713.62684715301,27,26,0,36.733238547347625
2026-02-02,Recruiting_Region_10,Monday,0,1735.9756937689149,113546.624031689,2670.821776642522,65,41,0,42.34087057972963
2026-02-03,Recruiting_Region_10,Tuesday,0,1818.2077110917269,112009.04429237435,2496.1087834146765,49,58,9,31.348408811926326
2026-02-04,Recruiting_Region_10,Wednesday,1,969.9820555683642,64626.578988106485,1839.6732876035385,34,48,14,20.20795949100759
2026-02-05,Recruiting_Region_10,Thursday,0,1701.8885703169683,114681.62137367982,2813.8176337297473,60,53,0,32.11110510032016
2026-02-06,Recruiting_Region_10,Friday,0,1790.907226180995,114792.64750781731,2566.095073131773,58,56,0,31.98048618180348
2026-02-07,Recruiting_Region_10,Saturday,1,898.0633053848312,63511.160552336485,1744.6862509046255,32,53,21,16.944590667638323
2026-02-08,Recruiting_Region_10,Sunday,0,1610.6634320777982,107638.1681115515,2625.5382152692587,60,50,0,32.21326864155596
2026-02-09,Recruiting_Region_10,Monday,0,1876.5762120799975,94546.87432975994,2482.4951497792067,60,49,0,38.297473715918315
2026-02-10,Recruiting_Region_10,Tuesday,0,1725.3891649333696,114668.47164652389,2851.986351725456,70,53,0,32.55451254591263
2026-02-11,Recruiting_Region_10,Wednesday,0,1620.813919037965,100335.28399828261,2409.3844000734707,42,69,27,23.490056797651665
2026-02-12,Recruiting_Region_10,Thursday,1,595.2218115092493,58067.05926030292,1610.88294426567,29,80,51,7.440272643865616
2026-02-13,Recruiting_Region_10,Friday,0,1646.2968491016682,110949.91652244319,2582.1386391174433,58,71,13,23.18727956481223
2026-02-14,Recruiting_Region_10,Saturday,0,1732.8028206252773,109553.75892578225,2500.0642695142974,53,49,0,35.36332286990362
2026-02-15,Recruiting_Region_10,Sunday,0,1652.9883425859312,123878.68060091189,2727.990226333378,70,58,0,28.49979901010226
2026-02-16,Recruiting_Region_10,Monday,1,851.488177408076,66878.77618605644,1691.9219047966917,27,54,27,15.768299581631037
2026-02-17,Recruiting_Region_10,Tuesday,1,804.6116497255878,57783.90872985678,1882.059508462638,39,49,10,16.420645912767096
2026-02-18,Recruiting_Region_10,Wednesday,0,1651.6298741575679,102957.46987972294,2417.7964390698567,51,55,4,30.029634075592142
2026-02-19,Recruiting_Region_10,Thursday,0,1744.1861607643311,105927.62055249358,2597.117397307126,72,55,0,31.712475650260565
2026-02-20,Recruiting_Region_10,Friday,1,847.3341503856307,53839.338004417456,1707.1113669118624,34,50,16,16.946683007712615
2026-02-21,Recruiting_Region_10,Saturday,1,817.2292163142687,66843.07950028578,1727.6628625752303,40,39,0,20.954595290109452
2026-02-22,Recruiting_Region_10,Sunday,0,1874.441376329381,114791.98345157958,2566.30988159269,43,35,0,53.55546789512517
2026-02-23,Recruiting_Region_10,Monday,0,1714.150552531541,108053.41967296688,2644.9744247864774,57,49,0,34.98266433737839
2026-02-24,Recruiting_Region_10,Tuesday,1,862.8408935126586,62950.22476602452,1634.2941149795543,24,61,37,14.144932680535387
2026-02-25,Recruiting_Region_10,Wednesday,1,819.6615734347359,68757.61609725055,1777.9481967030076,34,51,17,16.07179555754384
2026-02-26,Recruiting_Region_10,Thursday,1,886.4246725296524,62774.578962202584,1705.0431093664656,33,54,21,16.41527171351208
2026-02-27,Recruiting_Region_10,Friday,0,1801.2887341908947,111391.5609065906,2678.535868429783,53,66,13,27.29225354834689
2026-02-28,Recruiting_Region_10,Saturday,0,1800.147523921368,104586.39413716467,2541.828924751876,53,48,0,37.5030734150285
2026-03-01,Recruiting_Region_10,Sunday,1,1008.4090589948357,65832.62922126484,1543.6292481574662,34,65,31,15.513985522997473
2026-01-05,Recruiting_Region_11,Monday,0,1561.145354968009,100463.04437568305,2451.6956193687192,57,29,0,53.83259844717273
2026-01-06,Recruiting_Region_11,Tuesday,1,858.2723272355383,47115.71496052555,1819.0739526202062,35,42,7,20.435055410369962
2026-01-07,Recruiting_Region_11,Wednesday,1,777.7944838681223,68165.37668975278,1498.404263820521,32,43,11,18.088243810886564
2026-01-08,Recruiting_Region_11,Thursday,1,963.6297782173452,49687.70636029013,1403.5237705235097,21,48,27,20.075620379528026
2026-01-09,Recruiting_Region_11,Friday,0,1521.8766311816119,110191.78803563677,2512.7165002446463,47,39,0,39.02247772260543
2026-01-10,Recruiting_Region_11,Saturday,1,837.5595576134402,64856.86827345246,1691.8677969367775,33,34,1,24.634104635689418
2026-01-11,Recruiting_Region_11,Sunday,1,674.2744686532185,58791.17349738335,1732.0873906446861,26,33,7,20.432559656158137
2026-01-12,Recruiting_Region_11,Monday,0,1681.8828517782902,106385.54012372937,2347.1014734502623,54,61,7,27.571850029152298
2026-01-13,Recruiting_Region_11,Tuesday,0,1627.6766208111858,97058.0796682012,2483.6936453944118,51,44,0,36.992650472981495
2026-01-14,Recruiting_Region_11,Wednesday,0,1707.5976145205157,106770.66592522328,2528.2394437802554,49,56,7,30.492814545009207
2026-01-15,Recruiting_Region_11,Thursday,1,815.2196793399573,62509.36879387051,1529.2195841530165,30,46,16,17.722166942172986
2026-01-16,Recruiting_Region_11,Friday,0,1671.7257163337406,95519.64487195344,2316.972237303845,44,49,5,34.11685135374981
2026-01-17,Recruiting_Region_11,Saturday,0,1737.8256095264903,105284.43882411861,2402.3117088211857,56,41,0,42.38599047625586
2026-01-18,Recruiting_Region_11,Sunday,1,916.2452784023103,54790.47176956199,1507.8707153136093,29,46,17,19.91837561744153
2026-01-19,Recruiting_Region_11,Monday,0,1613.7079883967695,105136.11134370664,2586.713058094749,48,42,0,38.42161877135165
2026-01-20,Recruiting_Region_11,Tuesday,1,707.2236476877229,66255.9752707772,1730.0379758988158,26,42,16,16.838658278279116
2026-01-21,Recruiting_Region_11,Wednesday,0,1669.5341959993275,101467.36257576675,2373.3749504184143,53,28,0,59.62622128569027
2026-01-22,Recruiting_Region_11,Thursday,1,876.8722615068689,57212.98412948591,1540.1856000549744,37,41,4,21.387128329435825
2026-01-23,Recruiting_Region_11,Friday,0,1652.26106066411,103450.35737552342,2569.9962058981782,53,34,0,48.59591354894441
2026-01-24,Recruiting_Region_11,Saturday,1,849.2723405077547,48394.3402979892,1653.7157998641999,24,30,6,28.30907801692516
2026-01-25,Recruiting_Region_11,Sunday,1,795.2941575113945,56509.06500564663,1590.9187198878942,27,27,0,29.455339167088685
2026-01-26,Recruiting_Region_11,Monday,0,1601.6657305916765,95815.17854576564,2588.828451886923,61,41,0,39.06501781930918
2026-01-27,Recruiting_Region_11,Tuesday,0,1637.1883067882804,94176.00927262293,2707.3202843145373,58,36,0,45.477452966341126
2026-01-28,Recruiting_Region_11,Wednesday,0,1571.600756134189,108139.36541740342,2257.4022794955004,40,44,4,35.71819900304975
2026-01-29,Recruiting_Region_11,Thursday,1,915.8291947115105,60355.46964490108,1458.5048455082447,23,44,21,20.814299879807056
2026-01-30,Recruiting_Region_11,Friday,0,1640.8769477714936,94840.90249564886,2245.5516717269866,45,41,0,40.02138897003643
2026-01-31,Recruiting_Region_11,Saturday,1,1000.7355009961146,62015.53529124931,1520.0587473416606,23,43,20,23.27291862781662
2026-02-01,Recruiting_Region_11,Sunday,1,767.8731315759612,66096.33622014525,1522.4782731390844,27,39,12,19.68905465579388
2026-02-02,Recruiting_Region_11,Monday,0,1439.3865917811206,109979.74082088018,2566.9279594577984,42,54,12,26.655307255205937
2026-02-03,Recruiting_Region_11,Tuesday,1,909.4040098629923,55840.500793406085,1359.8777944942042,34,60,26,15.156733497716539
2026-02-04,Recruiting_Region_11,Wednesday,1,669.88192344318,48382.85949506855,1752.9703991478507,24,72,48,9.303915603377499
2026-02-05,Recruiting_Region_11,Thursday,1,938.5176618876874,62387.499330554114,1593.829035213038,17,72,55,13.03496752621788
2026-02-06,Recruiting_Region_11,Friday,0,1625.5080425332483,103778.71706405106,2323.9544575786144,62,80,18,20.318850531665603
2026-02-07,Recruiting_Region_11,Saturday,1,957.5610041723818,57451.988900116936,1568.2103665637644,26,67,41,14.291955286154952
2026-02-08,Recruiting_Region_11,Sunday,0,1699.1314644380534,99819.05196543888,2332.323743115609,43,55,12,30.893299353419152
2026-02-09,Recruiting_Region_11,Monday,1,771.9393559652381,52182.57918423509,1838.5085215078693,42,83,41,9.30047416825588
2026-02-10,Recruiting_Region_11,Tuesday,0,1666.9641184587847,102199.30853819133,2600.0917823355344,46,73,27,22.83512491039431
2026-02-11,Recruiting_Region_11,Wednesday,0,1771.1744801411082,109322.43007979392,2442.6314347949287,48,103,55,17.19586873923406
2026-02-12,Recruiting_Region_11,Thursday,0,1600.7260408216355,102297.1628718925,2461.6248278268827,46,85,39,18.832071068489828
2026-02-13,Recruiting_Region_11,Friday,0,1599.5994240399348,99696.58758870272,2545.2682612986678,50,89,39,17.973027236403762
2026-02-14,Recruiting_Region_11,Saturday,1,793.1709938008562,68231.44175493749,1636.939107506474,29,61,32,13.002803177063216
2026-02-15,Recruiting_Region_11,Sunday,0,1619.7188655932155,103661.27242734558,2282.5252461836526,49,59,10,27.452862128698566
2026-02-16,Recruiting_Region_11,Monday,1,786.4392353818672,62660.678798936155,1550.8897718938786,26,71,45,11.076608949040383
2026-02-17,Recruiting_Region_11,Tuesday,0,1629.2912239790178,112308.41251414974,2361.3703672167403,61,81,20,20.11470646887676
2026-02-18,Recruiting_Region_11,Wednesday,0,1681.4260074308622,98773.51780739859,2376.103920976752,70,64,0,26.272281366107222
2026-02-19,Recruiting_Region_11,Thursday,1,858.4593167560612,55103.43317286612,1483.7378188030668,28,67,39,12.812825623224795
2026-02-20,Recruiting_Region_11,Friday,0,1687.5932286934426,103083.241873715,2404.095332273094,47,70,23,24.108474695620608
2026-02-21,Recruiting_Region_11,Saturday,1,778.3990135714289,56402.14780199977,1564.1800053754398,25,50,25,15.567980271428578
2026-02-22,Recruiting_Region_11,Sunday,1,841.515150743988,60687.88916275326,1438.7348764493295,24,68,44,12.375222805058646
2026-02-23,Recruiting_Region_11,Monday,0,1752.7833104999836,108742.79181665953,2469.5183508627697,64,59,0,29.708191703389552
2026-02-24,Recruiting_Region_11,Tuesday,1,796.2228788261191,54935.36338944185,1420.094203123542,23,76,53,10.47661682665946
2026-02-25,Recruiting_Region_11,Wednesday,1,804.2438132483529,52734.3507833029,1623.9278172140164,32,82,50,9.807851381077475
2026-02-26,Recruiting_Region_11,Thursday,1,773.8349569312671,55776.85947117066,1730.1048348734037,33,60,27,12.897249282187785
2026-02-27,Recruiting_Region_11,Friday,0,1747.1999368848867,105745.81747734125,2591.6516310288484,69,87,18,20.082757895228582
2026-02-28,Recruiting_Region_11,Saturday,1,812.0484398226292,64855.214535313906,1368.3206689173999,23,81,58,10.025289380526287
2026-03-01,Recruiting_Region_11,Sunday,0,1534.7403712712844,105436.62703700269,2364.5356153896178,50,89,39,17.244273834508814
2026-01-05,Recruiting_Region_12,Monday,0,962.8524560108676,73005.55888425326,1554.544540614299,40,27,0,35.66120207447658
2026-01-06,Recruiting_Region_12,Tuesday,1,503.32976031025447,46221.74302143428,1307.880171948178,18,21,3,23.968083824297832
2026-01-07,Recruiting_Region_12,Wednesday,1,505.72932231796756,40890.39194703178,1158.2199449199152,22,24,2,21.07205509658198
2026-01-08,Recruiting_Region_12,Thursday,1,546.4966838706438,48552.31539431349,1170.375474764301,26,38,12,14.381491680806414
2026-01-09,Recruiting_Region_12,Friday,0,1105.2980236701053,76798.70114561624,1782.5443102911713,35,27,0,40.93696383963353
2026-01-10,Recruiting_Region_12,Saturday,1,496.2145216513979,41241.205171861446,1289.2974840538232,27,34,7,14.59454475445288
2026-01-11,Recruiting_Region_12,Sunday,0,1144.6333176643725,73094.15563077596,1723.3560067617893,26,19,0,60.24385882444066
2026-01-12,Recruiting_Region_12,Monday,0,1192.5843399490595,72632.08771904501,1830.9546496084715,46,33,0,36.13891939239574
2026-01-13,Recruiting_Region_12,Tuesday,1,568.4227646515872,37446.48707153177,923.4382309585624,13,25,12,22.736910586063487
2026-01-14,Recruiting_Region_12,Wednesday,1,604.1967226123755,46574.76374427823,970.1709084624924,16,25,9,24.167868904495023
2026-01-15,Recruiting_Region_12,Thursday,1,758.8051980128034,39340.29162442488,1115.5988993058286,16,39,23,19.45654353878983
2026-01-16,Recruiting_Region_12,Friday,1,745.3407535298132,45247.971418236666,1117.6005552593097,17,32,15,23.291898547806664
2026-01-17,Recruiting_Region_12,Saturday,1,574.8150261279615,39380.43980319169,1045.0747386804842,23,18,0,31.934168118220082
2026-01-18,Recruiting_Region_12,Sunday,1,612.0997094410209,49523.29158719681,1226.6552082042276,17,26,9,23.54229651696234
2026-01-19,Recruiting_Region_12,Monday,0,954.0166665088534,66342.71979582537,1721.2198597779957,48,35,0,27.257619043110097
2026-01-20,Recruiting_Region_12,Tuesday,1,688.9525832167442,39405.3409707773,1172.7707283982274,26,24,0,28.706357634031008
2026-01-21,Recruiting_Region_12,Wednesday,0,957.2096802227338,71068.90665665215,1542.788893594638,35,29,0,33.00723035250806
2026-01-22,Recruiting_Region_12,Thursday,0,1195.8953855109066,78384.72637083397,1470.247375361906,35,23,0,51.99545154395246
2026-01-23,Recruiting_Region_12,Friday,0,1197.3896662008895,64302.46908814251,1660.6837949566993,45,24,0,49.891236091703725
2026-01-24,Recruiting_Region_12,Saturday,0,1117.205839852967,76434.9152666188,1981.2379815280258,33,31,0,36.03889805977313
2026-01-25,Recruiting_Region_12,Sunday,0,1018.6471373760944,67189.2024397074,1607.264269764797,43,28,0,36.38025490628909
2026-01-26,Recruiting_Region_12,Monday,1,571.0295390246575,47511.40657611275,985.670426791203,20,23,3,24.827371261941632
2026-01-27,Recruiting_Region_12,Tuesday,0,1274.7966837051497,65236.95336784389,1589.5682279514456,31,29,0,43.958506334660335
2026-01-28,Recruiting_Region_12,Wednesday,0,1193.2358211925268,73969.41120543328,1662.9234241737886,38,37,0,32.24961678898721
2026-01-29,Recruiting_Region_12,Thursday,1,652.7046959747148,49244.31270262205,1126.006261395467,28,30,2,21.75682319915716
2026-01-30,Recruiting_Region_12,Friday,1,475.2473540857802,36272.912977412256,1160.2796772559725,18,33,15,14.40143497229637
2026-01-31,Recruiting_Region_12,Saturday,1,652.7718993048253,45499.16116515397,1325.8192147230004,15,24,9,27.198829137701054
2026-02-01,Recruiting_Region_12,Sunday,0,884.1265610127416,69758.91233787771,1613.0752862967781,40,19,0,46.53297689540745
2026-02-02,Recruiting_Region_12,Monday,0,1176.5188600537297,66672.76579585741,1619.7763282434023,25,42,17,28.012353810803088
2026-02-03,Recruiting_Region_12,Tuesday,0,1017.997514831289,68075.78171094008,1524.5764928373787,32,48,16,21.20828155898519
2026-02-04,Recruiting_Region_12,Wednesday,1,429.6586774050127,37712.12007962123,1024.7266007221917,18,42,24,10.229968509643161
2026-02-05,Recruiting_Region_12,Thursday,0,1168.6375942987165,66466.39653847656,1794.2220513857237,31,47,16,24.86462966593014
2026-02-06,Recruiting_Region_12,Friday,0,1086.179494597818,70693.77567230203,1590.3883691876167,38,62,24,17.519024106416417
2026-02-07,Recruiting_Region_12,Saturday,1,466.37497870214435,36203.30861068062,790.3836883734875,13,45,32,10.363888415603208
2026-02-08,Recruiting_Region_12,Sunday,0,1165.032389065261,64277.67461361185,1675.398471084827,34,45,11,25.88960864589469
2026-02-09,Recruiting_Region_12,Monday,0,1012.3237624301606,74852.18657936096,1663.3267217060275,25,59,34,17.15802987169764
2026-02-10,Recruiting_Region_12,Tuesday,1,521.0370885427798,33733.8007444258,1288.8985233105682,17,67,50,7.776672963325071
2026-02-11,Recruiting_Region_12,Wednesday,0,1156.1750384303136,78275.90350395725,1526.1936989526753,38,57,19,20.28377260404059
2026-02-12,Recruiting_Region_12,Thursday,1,427.4982163970624,44538.45180802287,1223.8999435958558,26,46,20,9.29343948689266
2026-02-13,Recruiting_Region_12,Friday,1,622.645629015824,49383.49854500228,940.5469646621802,11,42,31,14.824895928948191
2026-02-14,Recruiting_Region_12,Saturday,1,558.2576860867667,35662.934789797364,1086.2267858979908,22,56,34,9.968887251549406
2026-02-15,Recruiting_Region_12,Sunday,0,1138.2365793511578,69864.54377260456,1590.7609964786523,44,60,16,18.97060965585263
2026-02-16,Recruiting_Region_12,Monday,1,636.180329646048,43203.43339714333,1066.2417914960417,22,55,33,11.5669150844736
2026-02-17,Recruiting_Region_12,Tuesday,1,510.3059752618228,37364.949391382346,1266.2878364902053,36,47,11,10.857573941740911
2026-02-18,Recruiting_Region_12,Wednesday,0,1110.808410987203,73499.52464702255,2013.4185384360947,36,43,7,25.83275374388844
2026-02-19,Recruiting_Region_12,Thursday,1,692.7980373307227,43334.5998834933,507.091572091166,10,50,40,13.855960746614453
2026-02-20,Recruiting_Region_12,Friday,0,930.9768426244744,74705.01976256403,1911.3374909711351,50,53,3,17.565600804235366
2026-02-21,Recruiting_Region_12,Saturday,1,649.8878157038204,44427.936923141984,1006.4157818939134,12,42,30,15.473519421519532
2026-02-22,Recruiting_Region_12,Sunday,1,592.0916336193233,43205.68824714286,1109.4278947435691,19,39,20,15.181836759469828
2026-02-23,Recruiting_Region_12,Monday,1,606.2321267016545,40097.92438637926,993.5978089812505,10,46,36,13.178959276122923
2026-02-24,Recruiting_Region_12,Tuesday,1,527.7891177931549,32069.958784542334,1127.4528304946148,25,40,15,13.194727944828873
2026-02-25,Recruiting_Region_12,Wednesday,0,1071.7339543247563,66086.66460763935,1554.6904418635702,38,47,9,22.80285009201609
2026-02-26,Recruiting_Region_12,Thursday,0,1022.6804326317724,80861.73988828533,1638.1459904453013,42,48,6,21.305842346495258
2026-02-27,Recruiting_Region_12,Friday,0,1131.4374841007784,68716.09824202719,1604.3348465933432,43,55,12,20.571590620014153
2026-02-28,Recruiting_Region_12,Saturday,0,1109.7381299937101,65427.62819872036,1713.3629737847725,39,43,4,25.807863488225816
2026-03-01,Recruiting_Region_12,Sunday,0,1144.1792117126602,85036.53853490547,1487.7809410899765,34,54,20,21.188503920604816
2026-01-05,Recruiting_Region_13,Monday,0,1528.9810050080264,84225.50477103984,2062.966455114603,52,31,0,49.32196790348472
2026-01-06,Recruiting_Region_13,Tuesday,1,814.217361233218,53177.36521708999,1302.207669905022,36,25,0,32.56869444932872
2026-01-07,Recruiting_Region_13,Wednesday,0,1362.0904512049674,93343.73846328726,1967.8432294026754,39,25,0,54.48361804819869
2026-01-08,Recruiting_Region_13,Thursday,0,1276.7227321515638,93697.4939664825,2192.19828027875,58,26,0,49.10472046736784
2026-01-09,Recruiting_Region_13,Friday,1,676.1869324150474,51088.554453437086,1208.4436860684427,20,37,17,18.275322497703986
2026-01-10,Recruiting_Region_13,Saturday,0,1452.0751463133784,84426.38951231475,1996.6982973244399,30,26,0,55.84904408897609
2026-01-11,Recruiting_Region_13,Sunday,1,754.235591958589,54817.79583018242,1409.5076265512262,14,30,16,25.141186398619634
2026-01-12,Recruiting_Region_13,Monday,0,1378.3415124271803,84031.74477396079,1872.9301009771214,41,39,0,35.34209006223539
2026-01-13,Recruiting_Region_13,Tuesday,1,662.6942938803378,46996.1827700342,1165.04818441535,25,29,4,22.851527375184062
2026-01-14,Recruiting_Region_13,Wednesday,1,564.3221816725115,46756.153404015415,1272.926068415173,23,41,18,13.763955650549061
2026-01-15,Recruiting_Region_13,Thursday,1,791.2636882946938,57912.67080574133,1383.3349429704022,23,34,11,23.27246142043217
2026-01-16,Recruiting_Region_13,Friday,1,561.6684349773708,45331.06735903351,1273.5418848484885,24,35,11,16.047669570782023
2026-01-17,Recruiting_Region_13,Saturday,0,1459.8020727854894,92766.84931335549,1910.9297273513218,33,22,0,66.3546396720677
2026-01-18,Recruiting_Region_13,Sunday,1,543.1967552166767,48378.00697474697,1481.488723903994,31,19,0,28.58930290614088
2026-01-19,Recruiting_Region_13,Monday,1,652.156169446455,46400.33618430607,1475.8328916615858,34,38,4,17.162004459117238
2026-01-20,Recruiting_Region_13,Tuesday,1,887.4727098047496,54893.667500235904,1278.748997137577,21,22,1,40.339668627488614
2026-01-21,Recruiting_Region_13,Wednesday,0,1458.6355559980675,86277.5857038329,2017.5688119296856,40,28,0,52.094126999930985
2026-01-22,Recruiting_Region_13,Thursday,0,1350.7636744212784,84332.97536424223,2024.661449093246,42,25,0,54.030546976851134
2026-01-23,Recruiting_Region_13,Friday,1,617.6471789571822,53900.56906665642,1486.9412116058281,22,13,0,47.51132145824478
2026-01-24,Recruiting_Region_13,Saturday,1,750.0198312667802,51685.90653979975,1316.8472887151447,26,16,0,46.87623945417376
2026-01-25,Recruiting_Region_13,Sunday,1,862.0574479945981,64867.105429709176,1152.7052150630257,17,12,0,71.83812066621651
2026-01-26,Recruiting_Region_13,Monday,1,750.106933656801,46152.624339598035,1277.5369580446109,25,22,0,34.09576971167277
2026-01-27,Recruiting_Region_13,Tuesday,1,757.9088707028251,39840.99575714052,1116.409249185743,25,24,0,31.57953627928438
2026-01-28,Recruiting_Region_13,Wednesday,1,779.9758214286735,45071.882764890775,1445.630401344757,28,19,0,41.05135902256176
2026-01-29,Recruiting_Region_13,Thursday,0,1326.2375227237249,86850.17898225404,1927.2197190342845,36,38,2,34.90098744009802
2026-01-30,Recruiting_Region_13,Friday,0,1212.6252639078612,94908.52873708775,2036.9843900917654,42,24,0,50.526052662827546
2026-01-31,Recruiting_Region_13,Saturday,0,1357.3794825291943,94531.04380863933,2102.6162376946804,52,23,0,59.01649924039975
2026-02-01,Recruiting_Region_13,Sunday,0,1346.232886586915,83963.89121657395,1972.353003427176,47,22,0,61.19240393576886
2026-02-02,Recruiting_Region_13,Monday,0,1326.2539485072425,90010.64038577245,1723.500587629847,34,46,12,28.8316075762444
2026-02-03,Recruiting_Region_13,Tuesday,1,652.754657583658,38277.78614166811,1429.1651507248032,21,43,22,15.180340874038556
2026-02-04,Recruiting_Region_13,Wednesday,1,721.127863867266,58833.023482293545,1335.6845603487864,26,53,27,13.606186110703131
2026-02-05,Recruiting_Region_13,Thursday,0,1403.5205301152687,69714.35227110932,2116.6204215326547,51,47,0,29.86213893862274
2026-02-06,Recruiting_Region_13,Friday,1,543.9882687185523,53834.2684948706,1408.5069685515593,28,50,22,10.879765374371045
2026-02-07,Recruiting_Region_13,Saturday,0,1330.1869581437631,85609.2864606782,1823.6875332532231,39,47,8,28.301850173271557
2026-02-08,Recruiting_Region_13,Sunday,0,1284.7240949470856,90837.07818441608,1759.445554989743,43,48,5,26.765085311397616
2026-02-09,Recruiting_Region_13,Monday,1,671.1983829633701,46462.184140042096,1269.892565164718,25,66,41,10.169672469141972
2026-02-10,Recruiting_Region_13,Tuesday,0,1340.0019709240523,78742.20479065573,1870.9221179358217,48,55,7,24.363672198619135
2026-02-11,Recruiting_Region_13,Wednesday,0,1424.7901152774386,85265.73075474042,1950.513407764842,35,63,28,22.6157161155149
2026-02-12,Recruiting_Region_13,Thursday,0,1407.1097166859633,83183.5959779245,1908.9883180995782,40,59,19,23.84931723196548
2026-02-13,Recruiting_Region_13,Friday,0,1501.9514543022071,88082.00383976262,2129.4579831660158,51,60,9,25.03252423837012
2026-02-14,Recruiting_Region_13,Saturday,0,1219.3270314704484,90511.40552050112,2083.4454468732433,46,49,3,24.88422513204997
2026-02-15,Recruiting_Region_13,Sunday,0,1540.8030900753556,78165.54806513166,1940.1267843446055,42,42,0,36.68578785893704
2026-02-16,Recruiting_Region_13,Monday,1,569.4692060642328,54234.55104611231,1401.7631930762325,31,57,26,9.990687825688296
2026-02-17,Recruiting_Region_13,Tuesday,1,668.0293495359454,47105.44897800759,1369.6514128468561,17,50,33,13.360586990718907
2026-02-18,Recruiting_Region_13,Wednesday,0,1278.5722870133575,83056.72933972537,2272.2397349624657,53,51,0,25.070044843399167
2026-02-19,Recruiting_Region_13,Thursday,0,1319.8874480642155,84958.0312201739,2064.7022921336934,50,58,8,22.7566801390382
2026-02-20,Recruiting_Region_13,Friday,0,1238.7069382374084,83479.00415457871,1988.9555121429373,43,51,8,24.2883713379884
2026-02-21,Recruiting_Region_13,Saturday,1,672.6582830510532,41974.71842534438,1410.8991480186676,28,35,7,19.21880808717295
2026-02-22,Recruiting_Region_13,Sunday,0,1430.6111479343288,78050.19028717777,2141.426232342944,44,33,0,43.35185296770693
2026-02-23,Recruiting_Region_13,Monday,0,1303.013943815044,83306.08259265109,1957.6627497624725,61,50,0,26.06027887630088
2026-02-24,Recruiting_Region_13,Tuesday,1,638.902974977689,45551.18491240049,1155.8765997628036,19,42,23,15.211975594706882
2026-02-25,Recruiting_Region_13,Wednesday,1,793.7501421108949,51535.36271117067,1226.518905813073,22,56,34,14.174109680551695
2026-02-26,Recruiting_Region_13,Thursday,1,763.4912816828621,35291.052071873135,1300.590390124706,30,57,27,13.394583889173019
2026-02-27,Recruiting_Region_13,Friday,1,585.713707433522,59370.15678304985,1341.0290950683195,20,77,57,7.606671525110675
2026-02-28,Recruiting_Region_13,Saturday,1,452.15833143429455,43991.8110320429,1314.0106027298716,23,43,20,10.515310033355687
2026-03-01,Recruiting_Region_13,Sunday,0,1207.992812445694,87396.88180002685,2054.315620360736,44,62,18,19.483755039446677
2026-01-05,Recruiting_Region_14,Monday,0,912.8573339608381,61758.70734408186,1484.596283050886,29,22,0,41.493515180038095
2026-01-06,Recruiting_Region_14,Tuesday,1,484.8507677846875,35282.06964387167,778.1223797125479,18,17,0,28.520633399099264
2026-01-07,Recruiting_Region_14,Wednesday,1,461.389515419697,42968.68741360547,1150.938792714083,33,26,0,17.745750593065267
2026-01-08,Recruiting_Region_14,Thursday,1,530.3389841731912,34750.797455840766,1042.671000411098,28,19,0,27.912578114378483
2026-01-09,Recruiting_Region_14,Friday,0,865.6010161976392,62520.91089992858,1338.3883536004214,27,30,3,28.853367206587972
2026-01-10,Recruiting_Region_14,Saturday,0,914.2285731918266,62736.56098237209,1334.1538538223786,28,18,0,50.79047628843481
2026-01-11,Recruiting_Region_14,Sunday,1,542.9075469886682,25066.1645091957,1019.0720347958119,20,24,4,22.621147791194506
2026-01-12,Recruiting_Region_14,Monday,0,1132.1348985426316,67815.33402847256,1203.0301142811527,32,24,0,47.17228743927632
2026-01-13,Recruiting_Region_14,Tuesday,1,624.5470639137308,30965.392078615605,958.9374379480521,15,30,15,20.818235463791027
2026-01-14,Recruiting_Region_14,Wednesday,0,922.7040600598817,56154.257044207836,1239.9378152650875,31,35,4,26.36297314456805
2026-01-15,Recruiting_Region_14,Thursday,1,656.6323555014955,32276.493990513947,918.3442414637049,17,26,9,25.255090596211364
2026-01-16,Recruiting_Region_14,Friday,1,706.6942217674231,26532.753027620107,904.2846965155784,17,28,11,25.239079348836537
2026-01-17,Recruiting_Region_14,Saturday,0,1160.928817703434,62112.191212395155,1414.049888088114,38,21,0,55.28232465254448
2026-01-18,Recruiting_Region_14,Sunday,1,534.0136386100058,50327.569563379366,933.4779486930386,16,24,8,22.25056827541691
2026-01-19,Recruiting_Region_14,Monday,0,846.4145944764165,69358.68639664142,1487.1910619282883,38,39,1,21.702938319908114
2026-01-20,Recruiting_Region_14,Tuesday,1,413.8198030465504,42758.670876098615,995.3865163388421,13,30,17,13.793993434885014
2026-01-21,Recruiting_Region_14,Wednesday,0,898.227744338157,73840.20323309324,1407.908412699105,26,14,0,64.15912459558264
2026-01-22,Recruiting_Region_14,Thursday,0,1078.0136581853171,72608.43006409773,1449.628921195573,32,28,0,38.500487792332756
2026-01-23,Recruiting_Region_14,Friday,0,1128.863884023191,65888.0272264708,1758.9071408725424,40,21,0,53.75542304872339
2026-01-24,Recruiting_Region_14,Saturday,1,538.1607513649612,35906.195669206645,898.5384032401328,19,25,6,21.52643005459845
2026-01-25,Recruiting_Region_14,Sunday,0,832.8411405101132,59500.951552196646,1538.0476047692082,32,17,0,48.990655324124305
2026-01-26,Recruiting_Region_14,Monday,1,618.3910350392152,29253.76009555433,815.644556711543,14,25,11,24.73564140156861
2026-01-27,Recruiting_Region_14,Tuesday,0,844.5782735785627,61456.301839404674,1592.0589706281507,36,27,0,31.280676799206027
2026-01-28,Recruiting_Region_14,Wednesday,1,674.4512504735512,36623.833217213425,818.9857557735114,16,20,4,33.72256252367756
2026-01-29,Recruiting_Region_14,Thursday,1,498.3726687760638,36024.86348371597,1032.6020060485653,24,23,0,21.66837690330712
2026-01-30,Recruiting_Region_14,Friday,0,1067.472837509369,56217.70661357741,1644.7370289185997,32,28,0,38.124029911048886
2026-01-31,Recruiting_Region_14,Saturday,1,653.5849182658989,38096.16746947085,976.0214251532699,21,32,11,20.42452869580934
2026-02-01,Recruiting_Region_14,Sunday,1,565.255542659999,37144.829368766055,1110.378133509533,17,20,3,28.26277713299995
2026-02-02,Recruiting_Region_14,Monday,0,1114.8297775836324,66855.31185261848,1524.2845715426715,39,39,0,28.58537891240083
2026-02-03,Recruiting_Region_14,Tuesday,0,1098.2673723333692,67787.44819918959,1447.346718419195,33,35,2,31.379067780953406
2026-02-04,Recruiting_Region_14,Wednesday,1,645.8714454446523,40134.07217590908,981.6779306055524,14,44,30,14.678896487378461
2026-02-05,Recruiting_Region_14,Thursday,0,924.117724797914,61091.13920190047,1455.2535565439048,29,46,17,20.08951575647639
2026-02-06,Recruiting_Region_14,Friday,0,973.1385281768598,58229.25599851398,1383.272080190313,35,45,10,21.62530062615244
2026-02-07,Recruiting_Region_14,Saturday,1,518.6416399804558,25372.873079703102,943.9887389218541,17,49,32,10.584523264907261
2026-02-08,Recruiting_Region_14,Sunday,1,579.4555583017759,37119.63245639905,1075.8720035841623,22,42,20,13.796560911947045
2026-02-09,Recruiting_Region_14,Monday,0,913.8969317019422,58674.90413484536,1537.01053660073,42,62,20,14.74027309196681
2026-02-10,Recruiting_Region_14,Tuesday,0,891.9459639829976,64732.33919621732,1511.721058616327,34,54,20,16.517517851536994
2026-02-11,Recruiting_Region_14,Wednesday,1,527.3502477968806,42269.1808953513,1068.809428364302,16,44,28,11.98523290447456
2026-02-12,Recruiting_Region_14,Thursday,1,478.38061919627467,42562.50213891783,1153.5671150416892,20,46,26,10.399578678179884
2026-02-13,Recruiting_Region_14,Friday,1,359.38107186008585,39797.07516697831,1037.6080806525474,24,55,31,6.534201306547016
2026-02-14,Recruiting_Region_14,Saturday,1,667.7902803726932,20634.400008286495,824.8830000695057,16,41,25,16.287567813968128
2026-02-15,Recruiting_Region_14,Sunday,0,913.3481147285406,62807.58997764951,1564.91841460553,32,38,6,24.03547670338265
2026-02-16,Recruiting_Region_14,Monday,0,810.4979363570551,64991.55743287184,1424.628848668931,38,55,17,14.73632611558282
2026-02-17,Recruiting_Region_14,Tuesday,0,1117.1398999664623,56138.277762660284,1423.6829116157674,23,47,24,23.76893404183962
2026-02-18,Recruiting_Region_14,Wednesday,1,464.9849598499964,37114.25125984282,1003.3223415293944,17,43,26,10.813603717441778
2026-02-19,Recruiting_Region_14,Thursday,0,1050.5290435515253,69133.0735918315,1403.8800469780624,34,47,13,22.35168177769203
2026-02-20,Recruiting_Region_14,Friday,1,627.6944079560868,41081.18032044255,909.5476434688932,14,43,29,14.597544371071786
2026-02-21,Recruiting_Region_14,Saturday,0,1035.0742945269321,58996.60407758308,1158.2680143663029,29,34,5,30.443361603733297
2026-02-22,Recruiting_Region_14,Sunday,0,1031.1892069263447,62901.427419858,1479.0481425154273,32,34,2,30.32909432136308
2026-02-23,Recruiting_Region_14,Monday,1,544.7181124483424,32331.368184747495,934.4066140967091,17,36,19,15.13105867912062
2026-02-24,Recruiting_Region_14,Tuesday,0,1008.029675491731,60483.712348426045,1424.2705029778572,31,54,23,18.667216212809834
2026-02-25,Recruiting_Region_14,Wednesday,1,526.3139277946174,40336.758757816635,1040.48927679035,23,41,18,12.836925068161399
2026-02-26,Recruiting_Region_14,Thursday,1,451.0808452360713,36330.821836020325,847.0685696232664,17,48,31,9.397517609084819
2026-02-27,Recruiting_Region_14,Friday,1,638.046946022646,34005.8400772354,921.2625267319535,22,56,34,11.393695464690108
2026-02-28,Recruiting_Region_14,Saturday,0,718.7262297689173,61916.743125042645,1389.795894353971,29,32,3,22.460194680278665
2026-03-01,Recruiting_Region_14,Sunday,0,889.2921097148293,61505.992496961626,1550.1809593021276,31,38,7,23.40242393986393
